grad 1: min -0.0017968738684430718, max -0.0, mean -8.902347326511517e-05, std 0.0003239060170017183
[[[[-0.00000000e+00 -0.00000000e+00 -0.00000000e+00 -0.00000000e+00
    -0.00000000e+00 -0.00000000e+00 -0.00000000e+00 -0.00000000e+00
    -0.00000000e+00 -0.00000000e+00 -0.00000000e+00 -0.00000000e+00
    -0.00000000e+00 -0.00000000e+00 -0.00000000e+00 -0.00000000e+00
    -0.00000000e+00 -0.00000000e+00 -0.00000000e+00 -0.00000000e+00
    -0.00000000e+00 -0.00000000e+00 -0.00000000e+00 -0.00000000e+00
    -0.00000000e+00 -0.00000000e+00 -0.00000000e+00 -0.00000000e+00]
   [-0.00000000e+00 -0.00000000e+00 -0.00000000e+00 -0.00000000e+00
    -0.00000000e+00 -0.00000000e+00 -0.00000000e+00 -0.00000000e+00
    -0.00000000e+00 -0.00000000e+00 -0.00000000e+00 -0.00000000e+00
    -0.00000000e+00 -0.00000000e+00 -0.00000000e+00 -0.00000000e+00
    -0.00000000e+00 -0.00000000e+00 -0.00000000e+00 -0.00000000e+00
    -0.00000000e+00 -0.00000000e+00 -0.00000000e+00 -0.00000000e+00
    -0.00000000e+00 -0.00000000e+00 -0.00000000e+00 -0.00000000e+00]
   [-0.00000000e+00 -0.00000000e+00 -0.00000000e+00 -0.00000000e+00
    -0.00000000e+00 -0.00000000e+00 -0.00000000e+00 -0.00000000e+00
    -0.00000000e+00 -0.00000000e+00 -0.00000000e+00 -0.00000000e+00
    -0.00000000e+00 -0.00000000e+00 -0.00000000e+00 -0.00000000e+00
    -0.00000000e+00 -0.00000000e+00 -0.00000000e+00 -0.00000000e+00
    -0.00000000e+00 -0.00000000e+00 -0.00000000e+00 -0.00000000e+00
    -0.00000000e+00 -0.00000000e+00 -0.00000000e+00 -0.00000000e+00]
   [-0.00000000e+00 -0.00000000e+00 -0.00000000e+00 -0.00000000e+00
    -0.00000000e+00 -0.00000000e+00 -0.00000000e+00 -0.00000000e+00
    -0.00000000e+00 -0.00000000e+00 -0.00000000e+00 -0.00000000e+00
    -0.00000000e+00 -0.00000000e+00 -0.00000000e+00 -0.00000000e+00
    -0.00000000e+00 -0.00000000e+00 -0.00000000e+00 -0.00000000e+00
    -0.00000000e+00 -0.00000000e+00 -0.00000000e+00 -0.00000000e+00
    -0.00000000e+00 -0.00000000e+00 -0.00000000e+00 -0.00000000e+00]
   [-0.00000000e+00 -0.00000000e+00 -0.00000000e+00 -0.00000000e+00
    -0.00000000e+00 -0.00000000e+00 -0.00000000e+00 -0.00000000e+00
    -0.00000000e+00 -0.00000000e+00 -0.00000000e+00 -0.00000000e+00
    -0.00000000e+00 -0.00000000e+00 -0.00000000e+00 -0.00000000e+00
    -0.00000000e+00 -0.00000000e+00 -0.00000000e+00 -0.00000000e+00
    -0.00000000e+00 -0.00000000e+00 -0.00000000e+00 -0.00000000e+00
    -0.00000000e+00 -0.00000000e+00 -0.00000000e+00 -0.00000000e+00]
   [-0.00000000e+00 -0.00000000e+00 -0.00000000e+00 -0.00000000e+00
    -0.00000000e+00 -0.00000000e+00 -0.00000000e+00 -0.00000000e+00
    -0.00000000e+00 -0.00000000e+00 -0.00000000e+00 -0.00000000e+00
    -0.00000000e+00 -0.00000000e+00 -0.00000000e+00 -0.00000000e+00
    -0.00000000e+00 -0.00000000e+00 -0.00000000e+00 -0.00000000e+00
    -0.00000000e+00 -0.00000000e+00 -0.00000000e+00 -0.00000000e+00
    -0.00000000e+00 -0.00000000e+00 -0.00000000e+00 -0.00000000e+00]
   [-0.00000000e+00 -0.00000000e+00 -0.00000000e+00 -0.00000000e+00
    -0.00000000e+00 -0.00000000e+00 -0.00000000e+00 -0.00000000e+00
    -0.00000000e+00 -0.00000000e+00 -0.00000000e+00 -0.00000000e+00
    -0.00000000e+00 -0.00000000e+00 -0.00000000e+00 -0.00000000e+00
    -0.00000000e+00 -0.00000000e+00 -0.00000000e+00 -0.00000000e+00
    -0.00000000e+00 -0.00000000e+00 -0.00000000e+00 -0.00000000e+00
    -0.00000000e+00 -0.00000000e+00 -0.00000000e+00 -0.00000000e+00]
   [-0.00000000e+00 -0.00000000e+00 -0.00000000e+00 -0.00000000e+00
    -0.00000000e+00 -0.00000000e+00 -1.79687387e-03 -3.85222578e-04
    -7.60193216e-04 -9.09853727e-04 -1.50565826e-03 -9.63575440e-04
    -0.00000000e+00 -0.00000000e+00 -0.00000000e+00 -0.00000000e+00
    -0.00000000e+00 -0.00000000e+00 -0.00000000e+00 -0.00000000e+00
    -0.00000000e+00 -0.00000000e+00 -0.00000000e+00 -0.00000000e+00
    -0.00000000e+00 -0.00000000e+00 -0.00000000e+00 -0.00000000e+00]
   [-0.00000000e+00 -0.00000000e+00 -0.00000000e+00 -0.00000000e+00
    -0.00000000e+00 -0.00000000e+00 -1.25187624e-04 -4.49913641e-05
    -4.49913641e-05 -4.49913641e-05 -4.49913641e-05 -6.82263926e-05
    -2.63334572e-04 -2.63334572e-04 -2.63334572e-04 -2.63334572e-04
    -2.63334572e-04 -2.63334572e-04 -2.63334572e-04 -2.63334572e-04
    -5.79339336e-04 -1.34385179e-03 -0.00000000e+00 -0.00000000e+00
    -0.00000000e+00 -0.00000000e+00 -0.00000000e+00 -0.00000000e+00]
   [-0.00000000e+00 -0.00000000e+00 -0.00000000e+00 -0.00000000e+00
    -0.00000000e+00 -0.00000000e+00 -1.62458746e-03 -1.62370445e-03
    -1.69384456e-03 -1.62370445e-03 -6.90805551e-04 -1.06790707e-04
    -4.49913641e-05 -1.13811853e-04 -4.49913641e-05 -4.49913641e-05
    -4.49913641e-05 -5.11301660e-05 -1.00190875e-04 -4.49913641e-05
    -4.49913641e-05 -1.13212492e-03 -0.00000000e+00 -0.00000000e+00
    -0.00000000e+00 -0.00000000e+00 -0.00000000e+00 -0.00000000e+00]
   [-0.00000000e+00 -0.00000000e+00 -0.00000000e+00 -0.00000000e+00
    -0.00000000e+00 -0.00000000e+00 -0.00000000e+00 -0.00000000e+00
    -0.00000000e+00 -0.00000000e+00 -0.00000000e+00 -4.62503143e-04
    -1.60908641e-03 -3.81313439e-04 -1.62458746e-03 -1.62458746e-03
    -1.62458746e-03 -1.48681272e-03 -5.70198463e-04 -8.00893322e-05
    -4.49913641e-05 -1.72651059e-03 -0.00000000e+00 -0.00000000e+00
    -0.00000000e+00 -0.00000000e+00 -0.00000000e+00 -0.00000000e+00]
   [-0.00000000e+00 -0.00000000e+00 -0.00000000e+00 -0.00000000e+00
    -0.00000000e+00 -0.00000000e+00 -0.00000000e+00 -0.00000000e+00
    -0.00000000e+00 -0.00000000e+00 -0.00000000e+00 -0.00000000e+00
    -0.00000000e+00 -0.00000000e+00 -0.00000000e+00 -0.00000000e+00
    -0.00000000e+00 -0.00000000e+00 -1.79197767e-03 -4.64515761e-05
    -1.88227263e-04 -4.89493774e-04 -0.00000000e+00 -0.00000000e+00
    -0.00000000e+00 -0.00000000e+00 -0.00000000e+00 -0.00000000e+00]
   [-0.00000000e+00 -0.00000000e+00 -0.00000000e+00 -0.00000000e+00
    -0.00000000e+00 -0.00000000e+00 -0.00000000e+00 -0.00000000e+00
    -0.00000000e+00 -0.00000000e+00 -0.00000000e+00 -0.00000000e+00
    -0.00000000e+00 -0.00000000e+00 -0.00000000e+00 -0.00000000e+00
    -0.00000000e+00 -5.96997736e-04 -8.81654851e-05 -4.35773109e-05
    -1.79197767e-03 -0.00000000e+00 -0.00000000e+00 -0.00000000e+00
    -0.00000000e+00 -0.00000000e+00 -0.00000000e+00 -0.00000000e+00]
   [-0.00000000e+00 -0.00000000e+00 -0.00000000e+00 -0.00000000e+00
    -0.00000000e+00 -0.00000000e+00 -0.00000000e+00 -0.00000000e+00
    -0.00000000e+00 -0.00000000e+00 -0.00000000e+00 -0.00000000e+00
    -0.00000000e+00 -0.00000000e+00 -0.00000000e+00 -0.00000000e+00
    -0.00000000e+00 -1.35700440e-03 -4.49913641e-05 -7.51166153e-05
    -1.16108404e-03 -0.00000000e+00 -0.00000000e+00 -0.00000000e+00
    -0.00000000e+00 -0.00000000e+00 -0.00000000e+00 -0.00000000e+00]
   [-0.00000000e+00 -0.00000000e+00 -0.00000000e+00 -0.00000000e+00
    -0.00000000e+00 -0.00000000e+00 -0.00000000e+00 -0.00000000e+00
    -0.00000000e+00 -0.00000000e+00 -0.00000000e+00 -0.00000000e+00
    -0.00000000e+00 -0.00000000e+00 -0.00000000e+00 -0.00000000e+00
    -1.48681272e-03 -5.27937482e-05 -4.49913641e-05 -1.54202722e-03
    -0.00000000e+00 -0.00000000e+00 -0.00000000e+00 -0.00000000e+00
    -0.00000000e+00 -0.00000000e+00 -0.00000000e+00 -0.00000000e+00]
   [-0.00000000e+00 -0.00000000e+00 -0.00000000e+00 -0.00000000e+00
    -0.00000000e+00 -0.00000000e+00 -0.00000000e+00 -0.00000000e+00
    -0.00000000e+00 -0.00000000e+00 -0.00000000e+00 -0.00000000e+00
    -0.00000000e+00 -0.00000000e+00 -0.00000000e+00 -0.00000000e+00
    -1.27634616e-03 -4.49913641e-05 -3.63837142e-04 -1.36441929e-04
    -0.00000000e+00 -0.00000000e+00 -0.00000000e+00 -0.00000000e+00
    -0.00000000e+00 -0.00000000e+00 -0.00000000e+00 -0.00000000e+00]
   [-0.00000000e+00 -0.00000000e+00 -0.00000000e+00 -0.00000000e+00
    -0.00000000e+00 -0.00000000e+00 -0.00000000e+00 -0.00000000e+00
    -0.00000000e+00 -0.00000000e+00 -0.00000000e+00 -0.00000000e+00
    -0.00000000e+00 -0.00000000e+00 -0.00000000e+00 -2.45448959e-04
    -2.12927174e-04 -5.45119947e-05 -1.46754517e-03 -0.00000000e+00
    -0.00000000e+00 -0.00000000e+00 -0.00000000e+00 -0.00000000e+00
    -0.00000000e+00 -0.00000000e+00 -0.00000000e+00 -0.00000000e+00]
   [-0.00000000e+00 -0.00000000e+00 -0.00000000e+00 -0.00000000e+00
    -0.00000000e+00 -0.00000000e+00 -0.00000000e+00 -0.00000000e+00
    -0.00000000e+00 -0.00000000e+00 -0.00000000e+00 -0.00000000e+00
    -0.00000000e+00 -0.00000000e+00 -0.00000000e+00 -1.41571520e-03
    -4.49913641e-05 -4.19223215e-04 -0.00000000e+00 -0.00000000e+00
    -0.00000000e+00 -0.00000000e+00 -0.00000000e+00 -0.00000000e+00
    -0.00000000e+00 -0.00000000e+00 -0.00000000e+00 -0.00000000e+00]
   [-0.00000000e+00 -0.00000000e+00 -0.00000000e+00 -0.00000000e+00
    -0.00000000e+00 -0.00000000e+00 -0.00000000e+00 -0.00000000e+00
    -0.00000000e+00 -0.00000000e+00 -0.00000000e+00 -0.00000000e+00
    -0.00000000e+00 -0.00000000e+00 -1.72834925e-03 -4.95199420e-05
    -7.04501799e-05 -1.44786946e-03 -0.00000000e+00 -0.00000000e+00
    -0.00000000e+00 -0.00000000e+00 -0.00000000e+00 -0.00000000e+00
    -0.00000000e+00 -0.00000000e+00 -0.00000000e+00 -0.00000000e+00]
   [-0.00000000e+00 -0.00000000e+00 -0.00000000e+00 -0.00000000e+00
    -0.00000000e+00 -0.00000000e+00 -0.00000000e+00 -0.00000000e+00
    -0.00000000e+00 -0.00000000e+00 -0.00000000e+00 -0.00000000e+00
    -0.00000000e+00 -5.16442466e-04 -1.29216627e-04 -4.49913641e-05
    -6.41436083e-04 -0.00000000e+00 -0.00000000e+00 -0.00000000e+00
    -0.00000000e+00 -0.00000000e+00 -0.00000000e+00 -0.00000000e+00
    -0.00000000e+00 -0.00000000e+00 -0.00000000e+00 -0.00000000e+00]
   [-0.00000000e+00 -0.00000000e+00 -0.00000000e+00 -0.00000000e+00
    -0.00000000e+00 -0.00000000e+00 -0.00000000e+00 -0.00000000e+00
    -0.00000000e+00 -0.00000000e+00 -0.00000000e+00 -0.00000000e+00
    -8.18787739e-05 -2.26356613e-04 -4.49913641e-05 -1.37649855e-04
    -9.38116864e-04 -0.00000000e+00 -0.00000000e+00 -0.00000000e+00
    -0.00000000e+00 -0.00000000e+00 -0.00000000e+00 -0.00000000e+00
    -0.00000000e+00 -0.00000000e+00 -0.00000000e+00 -0.00000000e+00]
   [-0.00000000e+00 -0.00000000e+00 -0.00000000e+00 -0.00000000e+00
    -0.00000000e+00 -0.00000000e+00 -0.00000000e+00 -0.00000000e+00
    -0.00000000e+00 -0.00000000e+00 -0.00000000e+00 -0.00000000e+00
    -1.01403566e-03 -4.49913641e-05 -4.49913641e-05 -1.74822309e-03
    -0.00000000e+00 -0.00000000e+00 -0.00000000e+00 -0.00000000e+00
    -0.00000000e+00 -0.00000000e+00 -0.00000000e+00 -0.00000000e+00
    -0.00000000e+00 -0.00000000e+00 -0.00000000e+00 -0.00000000e+00]
   [-0.00000000e+00 -0.00000000e+00 -0.00000000e+00 -0.00000000e+00
    -0.00000000e+00 -0.00000000e+00 -0.00000000e+00 -0.00000000e+00
    -0.00000000e+00 -0.00000000e+00 -0.00000000e+00 -8.34953855e-04
    -1.17488300e-04 -4.49913641e-05 -1.60853029e-03 -2.72951675e-05
    -0.00000000e+00 -0.00000000e+00 -0.00000000e+00 -0.00000000e+00
    -0.00000000e+00 -0.00000000e+00 -0.00000000e+00 -0.00000000e+00
    -0.00000000e+00 -0.00000000e+00 -0.00000000e+00 -0.00000000e+00]
   [-0.00000000e+00 -0.00000000e+00 -0.00000000e+00 -0.00000000e+00
    -0.00000000e+00 -0.00000000e+00 -0.00000000e+00 -0.00000000e+00
    -0.00000000e+00 -0.00000000e+00 -0.00000000e+00 -1.27634616e-03
    -4.49913641e-05 -4.49913641e-05 -1.34385179e-03 -0.00000000e+00
    -0.00000000e+00 -0.00000000e+00 -0.00000000e+00 -0.00000000e+00
    -0.00000000e+00 -0.00000000e+00 -0.00000000e+00 -0.00000000e+00
    -0.00000000e+00 -0.00000000e+00 -0.00000000e+00 -0.00000000e+00]
   [-0.00000000e+00 -0.00000000e+00 -0.00000000e+00 -0.00000000e+00
    -0.00000000e+00 -0.00000000e+00 -0.00000000e+00 -0.00000000e+00
    -0.00000000e+00 -0.00000000e+00 -1.52406795e-03 -6.60732476e-05
    -4.49913641e-05 -4.49913641e-05 -1.34385179e-03 -0.00000000e+00
    -0.00000000e+00 -0.00000000e+00 -0.00000000e+00 -0.00000000e+00
    -0.00000000e+00 -0.00000000e+00 -0.00000000e+00 -0.00000000e+00
    -0.00000000e+00 -0.00000000e+00 -0.00000000e+00 -0.00000000e+00]
   [-0.00000000e+00 -0.00000000e+00 -0.00000000e+00 -0.00000000e+00
    -0.00000000e+00 -0.00000000e+00 -0.00000000e+00 -0.00000000e+00
    -0.00000000e+00 -0.00000000e+00 -1.50854886e-03 -4.49913641e-05
    -4.49913641e-05 -1.37649855e-04 -1.06382591e-03 -0.00000000e+00
    -0.00000000e+00 -0.00000000e+00 -0.00000000e+00 -0.00000000e+00
    -0.00000000e+00 -0.00000000e+00 -0.00000000e+00 -0.00000000e+00
    -0.00000000e+00 -0.00000000e+00 -0.00000000e+00 -0.00000000e+00]
   [-0.00000000e+00 -0.00000000e+00 -0.00000000e+00 -0.00000000e+00
    -0.00000000e+00 -0.00000000e+00 -0.00000000e+00 -0.00000000e+00
    -0.00000000e+00 -0.00000000e+00 -1.50854886e-03 -4.49913641e-05
    -2.00227441e-04 -4.89493774e-04 -0.00000000e+00 -0.00000000e+00
    -0.00000000e+00 -0.00000000e+00 -0.00000000e+00 -0.00000000e+00
    -0.00000000e+00 -0.00000000e+00 -0.00000000e+00 -0.00000000e+00
    -0.00000000e+00 -0.00000000e+00 -0.00000000e+00 -0.00000000e+00]
   [-0.00000000e+00 -0.00000000e+00 -0.00000000e+00 -0.00000000e+00
    -0.00000000e+00 -0.00000000e+00 -0.00000000e+00 -0.00000000e+00
    -0.00000000e+00 -0.00000000e+00 -0.00000000e+00 -0.00000000e+00
    -0.00000000e+00 -0.00000000e+00 -0.00000000e+00 -0.00000000e+00
    -0.00000000e+00 -0.00000000e+00 -0.00000000e+00 -0.00000000e+00
    -0.00000000e+00 -0.00000000e+00 -0.00000000e+00 -0.00000000e+00
    -0.00000000e+00 -0.00000000e+00 -0.00000000e+00 -0.00000000e+00]]]]
-----
grad 2: min -0.0026953108608722687, max -0.0, mean -0.00013353519898373634, std 0.0004858590255025774
[[[[-0.00000000e+00 -0.00000000e+00 -0.00000000e+00 -0.00000000e+00
    -0.00000000e+00 -0.00000000e+00 -0.00000000e+00 -0.00000000e+00
    -0.00000000e+00 -0.00000000e+00 -0.00000000e+00 -0.00000000e+00
    -0.00000000e+00 -0.00000000e+00 -0.00000000e+00 -0.00000000e+00
    -0.00000000e+00 -0.00000000e+00 -0.00000000e+00 -0.00000000e+00
    -0.00000000e+00 -0.00000000e+00 -0.00000000e+00 -0.00000000e+00
    -0.00000000e+00 -0.00000000e+00 -0.00000000e+00 -0.00000000e+00]
   [-0.00000000e+00 -0.00000000e+00 -0.00000000e+00 -0.00000000e+00
    -0.00000000e+00 -0.00000000e+00 -0.00000000e+00 -0.00000000e+00
    -0.00000000e+00 -0.00000000e+00 -0.00000000e+00 -0.00000000e+00
    -0.00000000e+00 -0.00000000e+00 -0.00000000e+00 -0.00000000e+00
    -0.00000000e+00 -0.00000000e+00 -0.00000000e+00 -0.00000000e+00
    -0.00000000e+00 -0.00000000e+00 -0.00000000e+00 -0.00000000e+00
    -0.00000000e+00 -0.00000000e+00 -0.00000000e+00 -0.00000000e+00]
   [-0.00000000e+00 -0.00000000e+00 -0.00000000e+00 -0.00000000e+00
    -0.00000000e+00 -0.00000000e+00 -0.00000000e+00 -0.00000000e+00
    -0.00000000e+00 -0.00000000e+00 -0.00000000e+00 -0.00000000e+00
    -0.00000000e+00 -0.00000000e+00 -0.00000000e+00 -0.00000000e+00
    -0.00000000e+00 -0.00000000e+00 -0.00000000e+00 -0.00000000e+00
    -0.00000000e+00 -0.00000000e+00 -0.00000000e+00 -0.00000000e+00
    -0.00000000e+00 -0.00000000e+00 -0.00000000e+00 -0.00000000e+00]
   [-0.00000000e+00 -0.00000000e+00 -0.00000000e+00 -0.00000000e+00
    -0.00000000e+00 -0.00000000e+00 -0.00000000e+00 -0.00000000e+00
    -0.00000000e+00 -0.00000000e+00 -0.00000000e+00 -0.00000000e+00
    -0.00000000e+00 -0.00000000e+00 -0.00000000e+00 -0.00000000e+00
    -0.00000000e+00 -0.00000000e+00 -0.00000000e+00 -0.00000000e+00
    -0.00000000e+00 -0.00000000e+00 -0.00000000e+00 -0.00000000e+00
    -0.00000000e+00 -0.00000000e+00 -0.00000000e+00 -0.00000000e+00]
   [-0.00000000e+00 -0.00000000e+00 -0.00000000e+00 -0.00000000e+00
    -0.00000000e+00 -0.00000000e+00 -0.00000000e+00 -0.00000000e+00
    -0.00000000e+00 -0.00000000e+00 -0.00000000e+00 -0.00000000e+00
    -0.00000000e+00 -0.00000000e+00 -0.00000000e+00 -0.00000000e+00
    -0.00000000e+00 -0.00000000e+00 -0.00000000e+00 -0.00000000e+00
    -0.00000000e+00 -0.00000000e+00 -0.00000000e+00 -0.00000000e+00
    -0.00000000e+00 -0.00000000e+00 -0.00000000e+00 -0.00000000e+00]
   [-0.00000000e+00 -0.00000000e+00 -0.00000000e+00 -0.00000000e+00
    -0.00000000e+00 -0.00000000e+00 -0.00000000e+00 -0.00000000e+00
    -0.00000000e+00 -0.00000000e+00 -0.00000000e+00 -0.00000000e+00
    -0.00000000e+00 -0.00000000e+00 -0.00000000e+00 -0.00000000e+00
    -0.00000000e+00 -0.00000000e+00 -0.00000000e+00 -0.00000000e+00
    -0.00000000e+00 -0.00000000e+00 -0.00000000e+00 -0.00000000e+00
    -0.00000000e+00 -0.00000000e+00 -0.00000000e+00 -0.00000000e+00]
   [-0.00000000e+00 -0.00000000e+00 -0.00000000e+00 -0.00000000e+00
    -0.00000000e+00 -0.00000000e+00 -0.00000000e+00 -0.00000000e+00
    -0.00000000e+00 -0.00000000e+00 -0.00000000e+00 -0.00000000e+00
    -0.00000000e+00 -0.00000000e+00 -0.00000000e+00 -0.00000000e+00
    -0.00000000e+00 -0.00000000e+00 -0.00000000e+00 -0.00000000e+00
    -0.00000000e+00 -0.00000000e+00 -0.00000000e+00 -0.00000000e+00
    -0.00000000e+00 -0.00000000e+00 -0.00000000e+00 -0.00000000e+00]
   [-0.00000000e+00 -0.00000000e+00 -0.00000000e+00 -0.00000000e+00
    -0.00000000e+00 -0.00000000e+00 -2.69531086e-03 -5.77833853e-04
    -1.14028982e-03 -1.36478059e-03 -2.25848751e-03 -1.44536316e-03
    -0.00000000e+00 -0.00000000e+00 -0.00000000e+00 -0.00000000e+00
    -0.00000000e+00 -0.00000000e+00 -0.00000000e+00 -0.00000000e+00
    -0.00000000e+00 -0.00000000e+00 -0.00000000e+00 -0.00000000e+00
    -0.00000000e+00 -0.00000000e+00 -0.00000000e+00 -0.00000000e+00]
   [-0.00000000e+00 -0.00000000e+00 -0.00000000e+00 -0.00000000e+00
    -0.00000000e+00 -0.00000000e+00 -1.87781436e-04 -6.74870462e-05
    -6.74870462e-05 -6.74870462e-05 -6.74870462e-05 -1.02339589e-04
    -3.95001844e-04 -3.95001844e-04 -3.95001844e-04 -3.95001844e-04
    -3.95001844e-04 -3.95001844e-04 -3.95001844e-04 -3.95001844e-04
    -8.69009004e-04 -2.01577763e-03 -0.00000000e+00 -0.00000000e+00
    -0.00000000e+00 -0.00000000e+00 -0.00000000e+00 -0.00000000e+00]
   [-0.00000000e+00 -0.00000000e+00 -0.00000000e+00 -0.00000000e+00
    -0.00000000e+00 -0.00000000e+00 -2.43688119e-03 -2.43555661e-03
    -2.54076673e-03 -2.43555661e-03 -1.03620836e-03 -1.60186057e-04
    -6.74870462e-05 -1.70717773e-04 -6.74870462e-05 -6.74870462e-05
    -6.74870462e-05 -7.66952508e-05 -1.50286316e-04 -6.74870462e-05
    -6.74870462e-05 -1.69818732e-03 -0.00000000e+00 -0.00000000e+00
    -0.00000000e+00 -0.00000000e+00 -0.00000000e+00 -0.00000000e+00]
   [-0.00000000e+00 -0.00000000e+00 -0.00000000e+00 -0.00000000e+00
    -0.00000000e+00 -0.00000000e+00 -0.00000000e+00 -0.00000000e+00
    -0.00000000e+00 -0.00000000e+00 -0.00000000e+00 -6.93754700e-04
    -2.41362955e-03 -5.71970129e-04 -2.43688119e-03 -2.43688119e-03
    -2.43688119e-03 -2.23021908e-03 -8.55297665e-04 -1.20133998e-04
    -6.74870462e-05 -2.58976594e-03 -0.00000000e+00 -0.00000000e+00
    -0.00000000e+00 -0.00000000e+00 -0.00000000e+00 -0.00000000e+00]
   [-0.00000000e+00 -0.00000000e+00 -0.00000000e+00 -0.00000000e+00
    -0.00000000e+00 -0.00000000e+00 -0.00000000e+00 -0.00000000e+00
    -0.00000000e+00 -0.00000000e+00 -0.00000000e+00 -0.00000000e+00
    -0.00000000e+00 -0.00000000e+00 -0.00000000e+00 -0.00000000e+00
    -0.00000000e+00 -0.00000000e+00 -2.68796645e-03 -6.96773641e-05
    -2.82340887e-04 -7.34240632e-04 -0.00000000e+00 -0.00000000e+00
    -0.00000000e+00 -0.00000000e+00 -0.00000000e+00 -0.00000000e+00]
   [-0.00000000e+00 -0.00000000e+00 -0.00000000e+00 -0.00000000e+00
    -0.00000000e+00 -0.00000000e+00 -0.00000000e+00 -0.00000000e+00
    -0.00000000e+00 -0.00000000e+00 -0.00000000e+00 -0.00000000e+00
    -0.00000000e+00 -0.00000000e+00 -0.00000000e+00 -0.00000000e+00
    -0.00000000e+00 -8.95496574e-04 -1.32248228e-04 -6.53659663e-05
    -2.68796645e-03 -0.00000000e+00 -0.00000000e+00 -0.00000000e+00
    -0.00000000e+00 -0.00000000e+00 -0.00000000e+00 -0.00000000e+00]
   [-0.00000000e+00 -0.00000000e+00 -0.00000000e+00 -0.00000000e+00
    -0.00000000e+00 -0.00000000e+00 -0.00000000e+00 -0.00000000e+00
    -0.00000000e+00 -0.00000000e+00 -0.00000000e+00 -0.00000000e+00
    -0.00000000e+00 -0.00000000e+00 -0.00000000e+00 -0.00000000e+00
    -0.00000000e+00 -2.03550654e-03 -6.74870462e-05 -1.12674927e-04
    -1.74162607e-03 -0.00000000e+00 -0.00000000e+00 -0.00000000e+00
    -0.00000000e+00 -0.00000000e+00 -0.00000000e+00 -0.00000000e+00]
   [-0.00000000e+00 -0.00000000e+00 -0.00000000e+00 -0.00000000e+00
    -0.00000000e+00 -0.00000000e+00 -0.00000000e+00 -0.00000000e+00
    -0.00000000e+00 -0.00000000e+00 -0.00000000e+00 -0.00000000e+00
    -0.00000000e+00 -0.00000000e+00 -0.00000000e+00 -0.00000000e+00
    -2.23021908e-03 -7.91906205e-05 -6.74870462e-05 -2.31304090e-03
    -0.00000000e+00 -0.00000000e+00 -0.00000000e+00 -0.00000000e+00
    -0.00000000e+00 -0.00000000e+00 -0.00000000e+00 -0.00000000e+00]
   [-0.00000000e+00 -0.00000000e+00 -0.00000000e+00 -0.00000000e+00
    -0.00000000e+00 -0.00000000e+00 -0.00000000e+00 -0.00000000e+00
    -0.00000000e+00 -0.00000000e+00 -0.00000000e+00 -0.00000000e+00
    -0.00000000e+00 -0.00000000e+00 -0.00000000e+00 -0.00000000e+00
    -1.91451923e-03 -6.74870462e-05 -5.45755727e-04 -2.04662894e-04
    -0.00000000e+00 -0.00000000e+00 -0.00000000e+00 -0.00000000e+00
    -0.00000000e+00 -0.00000000e+00 -0.00000000e+00 -0.00000000e+00]
   [-0.00000000e+00 -0.00000000e+00 -0.00000000e+00 -0.00000000e+00
    -0.00000000e+00 -0.00000000e+00 -0.00000000e+00 -0.00000000e+00
    -0.00000000e+00 -0.00000000e+00 -0.00000000e+00 -0.00000000e+00
    -0.00000000e+00 -0.00000000e+00 -0.00000000e+00 -3.68173438e-04
    -3.19390761e-04 -8.17679902e-05 -2.20131781e-03 -0.00000000e+00
    -0.00000000e+00 -0.00000000e+00 -0.00000000e+00 -0.00000000e+00
    -0.00000000e+00 -0.00000000e+00 -0.00000000e+00 -0.00000000e+00]
   [-0.00000000e+00 -0.00000000e+00 -0.00000000e+00 -0.00000000e+00
    -0.00000000e+00 -0.00000000e+00 -0.00000000e+00 -0.00000000e+00
    -0.00000000e+00 -0.00000000e+00 -0.00000000e+00 -0.00000000e+00
    -0.00000000e+00 -0.00000000e+00 -0.00000000e+00 -2.12357286e-03
    -6.74870462e-05 -6.28834823e-04 -0.00000000e+00 -0.00000000e+00
    -0.00000000e+00 -0.00000000e+00 -0.00000000e+00 -0.00000000e+00
    -0.00000000e+00 -0.00000000e+00 -0.00000000e+00 -0.00000000e+00]
   [-0.00000000e+00 -0.00000000e+00 -0.00000000e+00 -0.00000000e+00
    -0.00000000e+00 -0.00000000e+00 -0.00000000e+00 -0.00000000e+00
    -0.00000000e+00 -0.00000000e+00 -0.00000000e+00 -0.00000000e+00
    -0.00000000e+00 -0.00000000e+00 -2.59252382e-03 -7.42799166e-05
    -1.05675266e-04 -2.17180420e-03 -0.00000000e+00 -0.00000000e+00
    -0.00000000e+00 -0.00000000e+00 -0.00000000e+00 -0.00000000e+00
    -0.00000000e+00 -0.00000000e+00 -0.00000000e+00 -0.00000000e+00]
   [-0.00000000e+00 -0.00000000e+00 -0.00000000e+00 -0.00000000e+00
    -0.00000000e+00 -0.00000000e+00 -0.00000000e+00 -0.00000000e+00
    -0.00000000e+00 -0.00000000e+00 -0.00000000e+00 -0.00000000e+00
    -0.00000000e+00 -7.74663698e-04 -1.93824933e-04 -6.74870462e-05
    -9.62154125e-04 -0.00000000e+00 -0.00000000e+00 -0.00000000e+00
    -0.00000000e+00 -0.00000000e+00 -0.00000000e+00 -0.00000000e+00
    -0.00000000e+00 -0.00000000e+00 -0.00000000e+00 -0.00000000e+00]
   [-0.00000000e+00 -0.00000000e+00 -0.00000000e+00 -0.00000000e+00
    -0.00000000e+00 -0.00000000e+00 -0.00000000e+00 -0.00000000e+00
    -0.00000000e+00 -0.00000000e+00 -0.00000000e+00 -0.00000000e+00
    -1.22818165e-04 -3.39534919e-04 -6.74870462e-05 -2.06474782e-04
    -1.40717532e-03 -0.00000000e+00 -0.00000000e+00 -0.00000000e+00
    -0.00000000e+00 -0.00000000e+00 -0.00000000e+00 -0.00000000e+00
    -0.00000000e+00 -0.00000000e+00 -0.00000000e+00 -0.00000000e+00]
   [-0.00000000e+00 -0.00000000e+00 -0.00000000e+00 -0.00000000e+00
    -0.00000000e+00 -0.00000000e+00 -0.00000000e+00 -0.00000000e+00
    -0.00000000e+00 -0.00000000e+00 -0.00000000e+00 -0.00000000e+00
    -1.52105349e-03 -6.74870462e-05 -6.74870462e-05 -2.62233475e-03
    -0.00000000e+00 -0.00000000e+00 -0.00000000e+00 -0.00000000e+00
    -0.00000000e+00 -0.00000000e+00 -0.00000000e+00 -0.00000000e+00
    -0.00000000e+00 -0.00000000e+00 -0.00000000e+00 -0.00000000e+00]
   [-0.00000000e+00 -0.00000000e+00 -0.00000000e+00 -0.00000000e+00
    -0.00000000e+00 -0.00000000e+00 -0.00000000e+00 -0.00000000e+00
    -0.00000000e+00 -0.00000000e+00 -0.00000000e+00 -1.25243072e-03
    -1.76232454e-04 -6.74870462e-05 -2.41279555e-03 -4.09427521e-05
    -0.00000000e+00 -0.00000000e+00 -0.00000000e+00 -0.00000000e+00
    -0.00000000e+00 -0.00000000e+00 -0.00000000e+00 -0.00000000e+00
    -0.00000000e+00 -0.00000000e+00 -0.00000000e+00 -0.00000000e+00]
   [-0.00000000e+00 -0.00000000e+00 -0.00000000e+00 -0.00000000e+00
    -0.00000000e+00 -0.00000000e+00 -0.00000000e+00 -0.00000000e+00
    -0.00000000e+00 -0.00000000e+00 -0.00000000e+00 -1.91451923e-03
    -6.74870462e-05 -6.74870462e-05 -2.01577763e-03 -0.00000000e+00
    -0.00000000e+00 -0.00000000e+00 -0.00000000e+00 -0.00000000e+00
    -0.00000000e+00 -0.00000000e+00 -0.00000000e+00 -0.00000000e+00
    -0.00000000e+00 -0.00000000e+00 -0.00000000e+00 -0.00000000e+00]
   [-0.00000000e+00 -0.00000000e+00 -0.00000000e+00 -0.00000000e+00
    -0.00000000e+00 -0.00000000e+00 -0.00000000e+00 -0.00000000e+00
    -0.00000000e+00 -0.00000000e+00 -2.28610192e-03 -9.91098714e-05
    -6.74870462e-05 -6.74870462e-05 -2.01577763e-03 -0.00000000e+00
    -0.00000000e+00 -0.00000000e+00 -0.00000000e+00 -0.00000000e+00
    -0.00000000e+00 -0.00000000e+00 -0.00000000e+00 -0.00000000e+00
    -0.00000000e+00 -0.00000000e+00 -0.00000000e+00 -0.00000000e+00]
   [-0.00000000e+00 -0.00000000e+00 -0.00000000e+00 -0.00000000e+00
    -0.00000000e+00 -0.00000000e+00 -0.00000000e+00 -0.00000000e+00
    -0.00000000e+00 -0.00000000e+00 -2.26282328e-03 -6.74870462e-05
    -6.74870462e-05 -2.06474782e-04 -1.59573881e-03 -0.00000000e+00
    -0.00000000e+00 -0.00000000e+00 -0.00000000e+00 -0.00000000e+00
    -0.00000000e+00 -0.00000000e+00 -0.00000000e+00 -0.00000000e+00
    -0.00000000e+00 -0.00000000e+00 -0.00000000e+00 -0.00000000e+00]
   [-0.00000000e+00 -0.00000000e+00 -0.00000000e+00 -0.00000000e+00
    -0.00000000e+00 -0.00000000e+00 -0.00000000e+00 -0.00000000e+00
    -0.00000000e+00 -0.00000000e+00 -2.26282328e-03 -6.74870462e-05
    -3.00341169e-04 -7.34240632e-04 -0.00000000e+00 -0.00000000e+00
    -0.00000000e+00 -0.00000000e+00 -0.00000000e+00 -0.00000000e+00
    -0.00000000e+00 -0.00000000e+00 -0.00000000e+00 -0.00000000e+00
    -0.00000000e+00 -0.00000000e+00 -0.00000000e+00 -0.00000000e+00]
   [-0.00000000e+00 -0.00000000e+00 -0.00000000e+00 -0.00000000e+00
    -0.00000000e+00 -0.00000000e+00 -0.00000000e+00 -0.00000000e+00
    -0.00000000e+00 -0.00000000e+00 -0.00000000e+00 -0.00000000e+00
    -0.00000000e+00 -0.00000000e+00 -0.00000000e+00 -0.00000000e+00
    -0.00000000e+00 -0.00000000e+00 -0.00000000e+00 -0.00000000e+00
    -0.00000000e+00 -0.00000000e+00 -0.00000000e+00 -0.00000000e+00
    -0.00000000e+00 -0.00000000e+00 -0.00000000e+00 -0.00000000e+00]]]]
-----
grad 3: min -0.0035937477368861437, max -0.0, mean -0.00017804694653023034, std 0.0006478120340034366
[[[[-0.0000000e+00 -0.0000000e+00 -0.0000000e+00 -0.0000000e+00
    -0.0000000e+00 -0.0000000e+00 -0.0000000e+00 -0.0000000e+00
    -0.0000000e+00 -0.0000000e+00 -0.0000000e+00 -0.0000000e+00
    -0.0000000e+00 -0.0000000e+00 -0.0000000e+00 -0.0000000e+00
    -0.0000000e+00 -0.0000000e+00 -0.0000000e+00 -0.0000000e+00
    -0.0000000e+00 -0.0000000e+00 -0.0000000e+00 -0.0000000e+00
    -0.0000000e+00 -0.0000000e+00 -0.0000000e+00 -0.0000000e+00]
   [-0.0000000e+00 -0.0000000e+00 -0.0000000e+00 -0.0000000e+00
    -0.0000000e+00 -0.0000000e+00 -0.0000000e+00 -0.0000000e+00
    -0.0000000e+00 -0.0000000e+00 -0.0000000e+00 -0.0000000e+00
    -0.0000000e+00 -0.0000000e+00 -0.0000000e+00 -0.0000000e+00
    -0.0000000e+00 -0.0000000e+00 -0.0000000e+00 -0.0000000e+00
    -0.0000000e+00 -0.0000000e+00 -0.0000000e+00 -0.0000000e+00
    -0.0000000e+00 -0.0000000e+00 -0.0000000e+00 -0.0000000e+00]
   [-0.0000000e+00 -0.0000000e+00 -0.0000000e+00 -0.0000000e+00
    -0.0000000e+00 -0.0000000e+00 -0.0000000e+00 -0.0000000e+00
    -0.0000000e+00 -0.0000000e+00 -0.0000000e+00 -0.0000000e+00
    -0.0000000e+00 -0.0000000e+00 -0.0000000e+00 -0.0000000e+00
    -0.0000000e+00 -0.0000000e+00 -0.0000000e+00 -0.0000000e+00
    -0.0000000e+00 -0.0000000e+00 -0.0000000e+00 -0.0000000e+00
    -0.0000000e+00 -0.0000000e+00 -0.0000000e+00 -0.0000000e+00]
   [-0.0000000e+00 -0.0000000e+00 -0.0000000e+00 -0.0000000e+00
    -0.0000000e+00 -0.0000000e+00 -0.0000000e+00 -0.0000000e+00
    -0.0000000e+00 -0.0000000e+00 -0.0000000e+00 -0.0000000e+00
    -0.0000000e+00 -0.0000000e+00 -0.0000000e+00 -0.0000000e+00
    -0.0000000e+00 -0.0000000e+00 -0.0000000e+00 -0.0000000e+00
    -0.0000000e+00 -0.0000000e+00 -0.0000000e+00 -0.0000000e+00
    -0.0000000e+00 -0.0000000e+00 -0.0000000e+00 -0.0000000e+00]
   [-0.0000000e+00 -0.0000000e+00 -0.0000000e+00 -0.0000000e+00
    -0.0000000e+00 -0.0000000e+00 -0.0000000e+00 -0.0000000e+00
    -0.0000000e+00 -0.0000000e+00 -0.0000000e+00 -0.0000000e+00
    -0.0000000e+00 -0.0000000e+00 -0.0000000e+00 -0.0000000e+00
    -0.0000000e+00 -0.0000000e+00 -0.0000000e+00 -0.0000000e+00
    -0.0000000e+00 -0.0000000e+00 -0.0000000e+00 -0.0000000e+00
    -0.0000000e+00 -0.0000000e+00 -0.0000000e+00 -0.0000000e+00]
   [-0.0000000e+00 -0.0000000e+00 -0.0000000e+00 -0.0000000e+00
    -0.0000000e+00 -0.0000000e+00 -0.0000000e+00 -0.0000000e+00
    -0.0000000e+00 -0.0000000e+00 -0.0000000e+00 -0.0000000e+00
    -0.0000000e+00 -0.0000000e+00 -0.0000000e+00 -0.0000000e+00
    -0.0000000e+00 -0.0000000e+00 -0.0000000e+00 -0.0000000e+00
    -0.0000000e+00 -0.0000000e+00 -0.0000000e+00 -0.0000000e+00
    -0.0000000e+00 -0.0000000e+00 -0.0000000e+00 -0.0000000e+00]
   [-0.0000000e+00 -0.0000000e+00 -0.0000000e+00 -0.0000000e+00
    -0.0000000e+00 -0.0000000e+00 -0.0000000e+00 -0.0000000e+00
    -0.0000000e+00 -0.0000000e+00 -0.0000000e+00 -0.0000000e+00
    -0.0000000e+00 -0.0000000e+00 -0.0000000e+00 -0.0000000e+00
    -0.0000000e+00 -0.0000000e+00 -0.0000000e+00 -0.0000000e+00
    -0.0000000e+00 -0.0000000e+00 -0.0000000e+00 -0.0000000e+00
    -0.0000000e+00 -0.0000000e+00 -0.0000000e+00 -0.0000000e+00]
   [-0.0000000e+00 -0.0000000e+00 -0.0000000e+00 -0.0000000e+00
    -0.0000000e+00 -0.0000000e+00 -3.5937477e-03 -7.7044516e-04
    -1.5203864e-03 -1.8197075e-03 -3.0113165e-03 -1.9271509e-03
    -0.0000000e+00 -0.0000000e+00 -0.0000000e+00 -0.0000000e+00
    -0.0000000e+00 -0.0000000e+00 -0.0000000e+00 -0.0000000e+00
    -0.0000000e+00 -0.0000000e+00 -0.0000000e+00 -0.0000000e+00
    -0.0000000e+00 -0.0000000e+00 -0.0000000e+00 -0.0000000e+00]
   [-0.0000000e+00 -0.0000000e+00 -0.0000000e+00 -0.0000000e+00
    -0.0000000e+00 -0.0000000e+00 -2.5037525e-04 -8.9982728e-05
    -8.9982728e-05 -8.9982728e-05 -8.9982728e-05 -1.3645279e-04
    -5.2666914e-04 -5.2666914e-04 -5.2666914e-04 -5.2666914e-04
    -5.2666914e-04 -5.2666914e-04 -5.2666914e-04 -5.2666914e-04
    -1.1586787e-03 -2.6877036e-03 -0.0000000e+00 -0.0000000e+00
    -0.0000000e+00 -0.0000000e+00 -0.0000000e+00 -0.0000000e+00]
   [-0.0000000e+00 -0.0000000e+00 -0.0000000e+00 -0.0000000e+00
    -0.0000000e+00 -0.0000000e+00 -3.2491749e-03 -3.2474089e-03
    -3.3876891e-03 -3.2474089e-03 -1.3816111e-03 -2.1358141e-04
    -8.9982728e-05 -2.2762371e-04 -8.9982728e-05 -8.9982728e-05
    -8.9982728e-05 -1.0226033e-04 -2.0038175e-04 -8.9982728e-05
    -8.9982728e-05 -2.2642498e-03 -0.0000000e+00 -0.0000000e+00
    -0.0000000e+00 -0.0000000e+00 -0.0000000e+00 -0.0000000e+00]
   [-0.0000000e+00 -0.0000000e+00 -0.0000000e+00 -0.0000000e+00
    -0.0000000e+00 -0.0000000e+00 -0.0000000e+00 -0.0000000e+00
    -0.0000000e+00 -0.0000000e+00 -0.0000000e+00 -9.2500629e-04
    -3.2181728e-03 -7.6262688e-04 -3.2491749e-03 -3.2491749e-03
    -3.2491749e-03 -2.9736254e-03 -1.1403969e-03 -1.6017866e-04
    -8.9982728e-05 -3.4530212e-03 -0.0000000e+00 -0.0000000e+00
    -0.0000000e+00 -0.0000000e+00 -0.0000000e+00 -0.0000000e+00]
   [-0.0000000e+00 -0.0000000e+00 -0.0000000e+00 -0.0000000e+00
    -0.0000000e+00 -0.0000000e+00 -0.0000000e+00 -0.0000000e+00
    -0.0000000e+00 -0.0000000e+00 -0.0000000e+00 -0.0000000e+00
    -0.0000000e+00 -0.0000000e+00 -0.0000000e+00 -0.0000000e+00
    -0.0000000e+00 -0.0000000e+00 -3.5839553e-03 -9.2903152e-05
    -3.7645453e-04 -9.7898755e-04 -0.0000000e+00 -0.0000000e+00
    -0.0000000e+00 -0.0000000e+00 -0.0000000e+00 -0.0000000e+00]
   [-0.0000000e+00 -0.0000000e+00 -0.0000000e+00 -0.0000000e+00
    -0.0000000e+00 -0.0000000e+00 -0.0000000e+00 -0.0000000e+00
    -0.0000000e+00 -0.0000000e+00 -0.0000000e+00 -0.0000000e+00
    -0.0000000e+00 -0.0000000e+00 -0.0000000e+00 -0.0000000e+00
    -0.0000000e+00 -1.1939955e-03 -1.7633097e-04 -8.7154622e-05
    -3.5839553e-03 -0.0000000e+00 -0.0000000e+00 -0.0000000e+00
    -0.0000000e+00 -0.0000000e+00 -0.0000000e+00 -0.0000000e+00]
   [-0.0000000e+00 -0.0000000e+00 -0.0000000e+00 -0.0000000e+00
    -0.0000000e+00 -0.0000000e+00 -0.0000000e+00 -0.0000000e+00
    -0.0000000e+00 -0.0000000e+00 -0.0000000e+00 -0.0000000e+00
    -0.0000000e+00 -0.0000000e+00 -0.0000000e+00 -0.0000000e+00
    -0.0000000e+00 -2.7140088e-03 -8.9982728e-05 -1.5023323e-04
    -2.3221681e-03 -0.0000000e+00 -0.0000000e+00 -0.0000000e+00
    -0.0000000e+00 -0.0000000e+00 -0.0000000e+00 -0.0000000e+00]
   [-0.0000000e+00 -0.0000000e+00 -0.0000000e+00 -0.0000000e+00
    -0.0000000e+00 -0.0000000e+00 -0.0000000e+00 -0.0000000e+00
    -0.0000000e+00 -0.0000000e+00 -0.0000000e+00 -0.0000000e+00
    -0.0000000e+00 -0.0000000e+00 -0.0000000e+00 -0.0000000e+00
    -2.9736254e-03 -1.0558750e-04 -8.9982728e-05 -3.0840544e-03
    -0.0000000e+00 -0.0000000e+00 -0.0000000e+00 -0.0000000e+00
    -0.0000000e+00 -0.0000000e+00 -0.0000000e+00 -0.0000000e+00]
   [-0.0000000e+00 -0.0000000e+00 -0.0000000e+00 -0.0000000e+00
    -0.0000000e+00 -0.0000000e+00 -0.0000000e+00 -0.0000000e+00
    -0.0000000e+00 -0.0000000e+00 -0.0000000e+00 -0.0000000e+00
    -0.0000000e+00 -0.0000000e+00 -0.0000000e+00 -0.0000000e+00
    -2.5526923e-03 -8.9982728e-05 -7.2767428e-04 -2.7288386e-04
    -0.0000000e+00 -0.0000000e+00 -0.0000000e+00 -0.0000000e+00
    -0.0000000e+00 -0.0000000e+00 -0.0000000e+00 -0.0000000e+00]
   [-0.0000000e+00 -0.0000000e+00 -0.0000000e+00 -0.0000000e+00
    -0.0000000e+00 -0.0000000e+00 -0.0000000e+00 -0.0000000e+00
    -0.0000000e+00 -0.0000000e+00 -0.0000000e+00 -0.0000000e+00
    -0.0000000e+00 -0.0000000e+00 -0.0000000e+00 -4.9089792e-04
    -4.2585435e-04 -1.0902399e-04 -2.9350903e-03 -0.0000000e+00
    -0.0000000e+00 -0.0000000e+00 -0.0000000e+00 -0.0000000e+00
    -0.0000000e+00 -0.0000000e+00 -0.0000000e+00 -0.0000000e+00]
   [-0.0000000e+00 -0.0000000e+00 -0.0000000e+00 -0.0000000e+00
    -0.0000000e+00 -0.0000000e+00 -0.0000000e+00 -0.0000000e+00
    -0.0000000e+00 -0.0000000e+00 -0.0000000e+00 -0.0000000e+00
    -0.0000000e+00 -0.0000000e+00 -0.0000000e+00 -2.8314304e-03
    -8.9982728e-05 -8.3844643e-04 -0.0000000e+00 -0.0000000e+00
    -0.0000000e+00 -0.0000000e+00 -0.0000000e+00 -0.0000000e+00
    -0.0000000e+00 -0.0000000e+00 -0.0000000e+00 -0.0000000e+00]
   [-0.0000000e+00 -0.0000000e+00 -0.0000000e+00 -0.0000000e+00
    -0.0000000e+00 -0.0000000e+00 -0.0000000e+00 -0.0000000e+00
    -0.0000000e+00 -0.0000000e+00 -0.0000000e+00 -0.0000000e+00
    -0.0000000e+00 -0.0000000e+00 -3.4566985e-03 -9.9039884e-05
    -1.4090036e-04 -2.8957389e-03 -0.0000000e+00 -0.0000000e+00
    -0.0000000e+00 -0.0000000e+00 -0.0000000e+00 -0.0000000e+00
    -0.0000000e+00 -0.0000000e+00 -0.0000000e+00 -0.0000000e+00]
   [-0.0000000e+00 -0.0000000e+00 -0.0000000e+00 -0.0000000e+00
    -0.0000000e+00 -0.0000000e+00 -0.0000000e+00 -0.0000000e+00
    -0.0000000e+00 -0.0000000e+00 -0.0000000e+00 -0.0000000e+00
    -0.0000000e+00 -1.0328849e-03 -2.5843325e-04 -8.9982728e-05
    -1.2828722e-03 -0.0000000e+00 -0.0000000e+00 -0.0000000e+00
    -0.0000000e+00 -0.0000000e+00 -0.0000000e+00 -0.0000000e+00
    -0.0000000e+00 -0.0000000e+00 -0.0000000e+00 -0.0000000e+00]
   [-0.0000000e+00 -0.0000000e+00 -0.0000000e+00 -0.0000000e+00
    -0.0000000e+00 -0.0000000e+00 -0.0000000e+00 -0.0000000e+00
    -0.0000000e+00 -0.0000000e+00 -0.0000000e+00 -0.0000000e+00
    -1.6375755e-04 -4.5271323e-04 -8.9982728e-05 -2.7529971e-04
    -1.8762337e-03 -0.0000000e+00 -0.0000000e+00 -0.0000000e+00
    -0.0000000e+00 -0.0000000e+00 -0.0000000e+00 -0.0000000e+00
    -0.0000000e+00 -0.0000000e+00 -0.0000000e+00 -0.0000000e+00]
   [-0.0000000e+00 -0.0000000e+00 -0.0000000e+00 -0.0000000e+00
    -0.0000000e+00 -0.0000000e+00 -0.0000000e+00 -0.0000000e+00
    -0.0000000e+00 -0.0000000e+00 -0.0000000e+00 -0.0000000e+00
    -2.0280713e-03 -8.9982728e-05 -8.9982728e-05 -3.4964462e-03
    -0.0000000e+00 -0.0000000e+00 -0.0000000e+00 -0.0000000e+00
    -0.0000000e+00 -0.0000000e+00 -0.0000000e+00 -0.0000000e+00
    -0.0000000e+00 -0.0000000e+00 -0.0000000e+00 -0.0000000e+00]
   [-0.0000000e+00 -0.0000000e+00 -0.0000000e+00 -0.0000000e+00
    -0.0000000e+00 -0.0000000e+00 -0.0000000e+00 -0.0000000e+00
    -0.0000000e+00 -0.0000000e+00 -0.0000000e+00 -1.6699077e-03
    -2.3497660e-04 -8.9982728e-05 -3.2170606e-03 -5.4590335e-05
    -0.0000000e+00 -0.0000000e+00 -0.0000000e+00 -0.0000000e+00
    -0.0000000e+00 -0.0000000e+00 -0.0000000e+00 -0.0000000e+00
    -0.0000000e+00 -0.0000000e+00 -0.0000000e+00 -0.0000000e+00]
   [-0.0000000e+00 -0.0000000e+00 -0.0000000e+00 -0.0000000e+00
    -0.0000000e+00 -0.0000000e+00 -0.0000000e+00 -0.0000000e+00
    -0.0000000e+00 -0.0000000e+00 -0.0000000e+00 -2.5526923e-03
    -8.9982728e-05 -8.9982728e-05 -2.6877036e-03 -0.0000000e+00
    -0.0000000e+00 -0.0000000e+00 -0.0000000e+00 -0.0000000e+00
    -0.0000000e+00 -0.0000000e+00 -0.0000000e+00 -0.0000000e+00
    -0.0000000e+00 -0.0000000e+00 -0.0000000e+00 -0.0000000e+00]
   [-0.0000000e+00 -0.0000000e+00 -0.0000000e+00 -0.0000000e+00
    -0.0000000e+00 -0.0000000e+00 -0.0000000e+00 -0.0000000e+00
    -0.0000000e+00 -0.0000000e+00 -3.0481359e-03 -1.3214650e-04
    -8.9982728e-05 -8.9982728e-05 -2.6877036e-03 -0.0000000e+00
    -0.0000000e+00 -0.0000000e+00 -0.0000000e+00 -0.0000000e+00
    -0.0000000e+00 -0.0000000e+00 -0.0000000e+00 -0.0000000e+00
    -0.0000000e+00 -0.0000000e+00 -0.0000000e+00 -0.0000000e+00]
   [-0.0000000e+00 -0.0000000e+00 -0.0000000e+00 -0.0000000e+00
    -0.0000000e+00 -0.0000000e+00 -0.0000000e+00 -0.0000000e+00
    -0.0000000e+00 -0.0000000e+00 -3.0170977e-03 -8.9982728e-05
    -8.9982728e-05 -2.7529971e-04 -2.1276518e-03 -0.0000000e+00
    -0.0000000e+00 -0.0000000e+00 -0.0000000e+00 -0.0000000e+00
    -0.0000000e+00 -0.0000000e+00 -0.0000000e+00 -0.0000000e+00
    -0.0000000e+00 -0.0000000e+00 -0.0000000e+00 -0.0000000e+00]
   [-0.0000000e+00 -0.0000000e+00 -0.0000000e+00 -0.0000000e+00
    -0.0000000e+00 -0.0000000e+00 -0.0000000e+00 -0.0000000e+00
    -0.0000000e+00 -0.0000000e+00 -3.0170977e-03 -8.9982728e-05
    -4.0045488e-04 -9.7898755e-04 -0.0000000e+00 -0.0000000e+00
    -0.0000000e+00 -0.0000000e+00 -0.0000000e+00 -0.0000000e+00
    -0.0000000e+00 -0.0000000e+00 -0.0000000e+00 -0.0000000e+00
    -0.0000000e+00 -0.0000000e+00 -0.0000000e+00 -0.0000000e+00]
   [-0.0000000e+00 -0.0000000e+00 -0.0000000e+00 -0.0000000e+00
    -0.0000000e+00 -0.0000000e+00 -0.0000000e+00 -0.0000000e+00
    -0.0000000e+00 -0.0000000e+00 -0.0000000e+00 -0.0000000e+00
    -0.0000000e+00 -0.0000000e+00 -0.0000000e+00 -0.0000000e+00
    -0.0000000e+00 -0.0000000e+00 -0.0000000e+00 -0.0000000e+00
    -0.0000000e+00 -0.0000000e+00 -0.0000000e+00 -0.0000000e+00
    -0.0000000e+00 -0.0000000e+00 -0.0000000e+00 -0.0000000e+00]]]]
-----
grad 4: min -0.004492184612900019, max -0.0, mean -0.00022255869407672435, std 0.0008097650134004653
[[[[-0.0000000e+00 -0.0000000e+00 -0.0000000e+00 -0.0000000e+00
    -0.0000000e+00 -0.0000000e+00 -0.0000000e+00 -0.0000000e+00
    -0.0000000e+00 -0.0000000e+00 -0.0000000e+00 -0.0000000e+00
    -0.0000000e+00 -0.0000000e+00 -0.0000000e+00 -0.0000000e+00
    -0.0000000e+00 -0.0000000e+00 -0.0000000e+00 -0.0000000e+00
    -0.0000000e+00 -0.0000000e+00 -0.0000000e+00 -0.0000000e+00
    -0.0000000e+00 -0.0000000e+00 -0.0000000e+00 -0.0000000e+00]
   [-0.0000000e+00 -0.0000000e+00 -0.0000000e+00 -0.0000000e+00
    -0.0000000e+00 -0.0000000e+00 -0.0000000e+00 -0.0000000e+00
    -0.0000000e+00 -0.0000000e+00 -0.0000000e+00 -0.0000000e+00
    -0.0000000e+00 -0.0000000e+00 -0.0000000e+00 -0.0000000e+00
    -0.0000000e+00 -0.0000000e+00 -0.0000000e+00 -0.0000000e+00
    -0.0000000e+00 -0.0000000e+00 -0.0000000e+00 -0.0000000e+00
    -0.0000000e+00 -0.0000000e+00 -0.0000000e+00 -0.0000000e+00]
   [-0.0000000e+00 -0.0000000e+00 -0.0000000e+00 -0.0000000e+00
    -0.0000000e+00 -0.0000000e+00 -0.0000000e+00 -0.0000000e+00
    -0.0000000e+00 -0.0000000e+00 -0.0000000e+00 -0.0000000e+00
    -0.0000000e+00 -0.0000000e+00 -0.0000000e+00 -0.0000000e+00
    -0.0000000e+00 -0.0000000e+00 -0.0000000e+00 -0.0000000e+00
    -0.0000000e+00 -0.0000000e+00 -0.0000000e+00 -0.0000000e+00
    -0.0000000e+00 -0.0000000e+00 -0.0000000e+00 -0.0000000e+00]
   [-0.0000000e+00 -0.0000000e+00 -0.0000000e+00 -0.0000000e+00
    -0.0000000e+00 -0.0000000e+00 -0.0000000e+00 -0.0000000e+00
    -0.0000000e+00 -0.0000000e+00 -0.0000000e+00 -0.0000000e+00
    -0.0000000e+00 -0.0000000e+00 -0.0000000e+00 -0.0000000e+00
    -0.0000000e+00 -0.0000000e+00 -0.0000000e+00 -0.0000000e+00
    -0.0000000e+00 -0.0000000e+00 -0.0000000e+00 -0.0000000e+00
    -0.0000000e+00 -0.0000000e+00 -0.0000000e+00 -0.0000000e+00]
   [-0.0000000e+00 -0.0000000e+00 -0.0000000e+00 -0.0000000e+00
    -0.0000000e+00 -0.0000000e+00 -0.0000000e+00 -0.0000000e+00
    -0.0000000e+00 -0.0000000e+00 -0.0000000e+00 -0.0000000e+00
    -0.0000000e+00 -0.0000000e+00 -0.0000000e+00 -0.0000000e+00
    -0.0000000e+00 -0.0000000e+00 -0.0000000e+00 -0.0000000e+00
    -0.0000000e+00 -0.0000000e+00 -0.0000000e+00 -0.0000000e+00
    -0.0000000e+00 -0.0000000e+00 -0.0000000e+00 -0.0000000e+00]
   [-0.0000000e+00 -0.0000000e+00 -0.0000000e+00 -0.0000000e+00
    -0.0000000e+00 -0.0000000e+00 -0.0000000e+00 -0.0000000e+00
    -0.0000000e+00 -0.0000000e+00 -0.0000000e+00 -0.0000000e+00
    -0.0000000e+00 -0.0000000e+00 -0.0000000e+00 -0.0000000e+00
    -0.0000000e+00 -0.0000000e+00 -0.0000000e+00 -0.0000000e+00
    -0.0000000e+00 -0.0000000e+00 -0.0000000e+00 -0.0000000e+00
    -0.0000000e+00 -0.0000000e+00 -0.0000000e+00 -0.0000000e+00]
   [-0.0000000e+00 -0.0000000e+00 -0.0000000e+00 -0.0000000e+00
    -0.0000000e+00 -0.0000000e+00 -0.0000000e+00 -0.0000000e+00
    -0.0000000e+00 -0.0000000e+00 -0.0000000e+00 -0.0000000e+00
    -0.0000000e+00 -0.0000000e+00 -0.0000000e+00 -0.0000000e+00
    -0.0000000e+00 -0.0000000e+00 -0.0000000e+00 -0.0000000e+00
    -0.0000000e+00 -0.0000000e+00 -0.0000000e+00 -0.0000000e+00
    -0.0000000e+00 -0.0000000e+00 -0.0000000e+00 -0.0000000e+00]
   [-0.0000000e+00 -0.0000000e+00 -0.0000000e+00 -0.0000000e+00
    -0.0000000e+00 -0.0000000e+00 -4.4921846e-03 -9.6305646e-04
    -1.9004830e-03 -2.2746343e-03 -3.7641455e-03 -2.4089385e-03
    -0.0000000e+00 -0.0000000e+00 -0.0000000e+00 -0.0000000e+00
    -0.0000000e+00 -0.0000000e+00 -0.0000000e+00 -0.0000000e+00
    -0.0000000e+00 -0.0000000e+00 -0.0000000e+00 -0.0000000e+00
    -0.0000000e+00 -0.0000000e+00 -0.0000000e+00 -0.0000000e+00]
   [-0.0000000e+00 -0.0000000e+00 -0.0000000e+00 -0.0000000e+00
    -0.0000000e+00 -0.0000000e+00 -3.1296906e-04 -1.1247841e-04
    -1.1247841e-04 -1.1247841e-04 -1.1247841e-04 -1.7056598e-04
    -6.5833644e-04 -6.5833644e-04 -6.5833644e-04 -6.5833644e-04
    -6.5833644e-04 -6.5833644e-04 -6.5833644e-04 -6.5833644e-04
    -1.4483484e-03 -3.3596295e-03 -0.0000000e+00 -0.0000000e+00
    -0.0000000e+00 -0.0000000e+00 -0.0000000e+00 -0.0000000e+00]
   [-0.0000000e+00 -0.0000000e+00 -0.0000000e+00 -0.0000000e+00
    -0.0000000e+00 -0.0000000e+00 -4.0614689e-03 -4.0592612e-03
    -4.2346115e-03 -4.0592612e-03 -1.7270138e-03 -2.6697677e-04
    -1.1247841e-04 -2.8452964e-04 -1.1247841e-04 -1.1247841e-04
    -1.1247841e-04 -1.2782542e-04 -2.5047720e-04 -1.1247841e-04
    -1.1247841e-04 -2.8303124e-03 -0.0000000e+00 -0.0000000e+00
    -0.0000000e+00 -0.0000000e+00 -0.0000000e+00 -0.0000000e+00]
   [-0.0000000e+00 -0.0000000e+00 -0.0000000e+00 -0.0000000e+00
    -0.0000000e+00 -0.0000000e+00 -0.0000000e+00 -0.0000000e+00
    -0.0000000e+00 -0.0000000e+00 -0.0000000e+00 -1.1562578e-03
    -4.0227161e-03 -9.5328363e-04 -4.0614689e-03 -4.0614689e-03
    -4.0614689e-03 -3.7170318e-03 -1.4254962e-03 -2.0022332e-04
    -1.1247841e-04 -4.3162764e-03 -0.0000000e+00 -0.0000000e+00
    -0.0000000e+00 -0.0000000e+00 -0.0000000e+00 -0.0000000e+00]
   [-0.0000000e+00 -0.0000000e+00 -0.0000000e+00 -0.0000000e+00
    -0.0000000e+00 -0.0000000e+00 -0.0000000e+00 -0.0000000e+00
    -0.0000000e+00 -0.0000000e+00 -0.0000000e+00 -0.0000000e+00
    -0.0000000e+00 -0.0000000e+00 -0.0000000e+00 -0.0000000e+00
    -0.0000000e+00 -0.0000000e+00 -4.4799442e-03 -1.1612894e-04
    -4.7056816e-04 -1.2237345e-03 -0.0000000e+00 -0.0000000e+00
    -0.0000000e+00 -0.0000000e+00 -0.0000000e+00 -0.0000000e+00]
   [-0.0000000e+00 -0.0000000e+00 -0.0000000e+00 -0.0000000e+00
    -0.0000000e+00 -0.0000000e+00 -0.0000000e+00 -0.0000000e+00
    -0.0000000e+00 -0.0000000e+00 -0.0000000e+00 -0.0000000e+00
    -0.0000000e+00 -0.0000000e+00 -0.0000000e+00 -0.0000000e+00
    -0.0000000e+00 -1.4924944e-03 -2.2041371e-04 -1.0894328e-04
    -4.4799442e-03 -0.0000000e+00 -0.0000000e+00 -0.0000000e+00
    -0.0000000e+00 -0.0000000e+00 -0.0000000e+00 -0.0000000e+00]
   [-0.0000000e+00 -0.0000000e+00 -0.0000000e+00 -0.0000000e+00
    -0.0000000e+00 -0.0000000e+00 -0.0000000e+00 -0.0000000e+00
    -0.0000000e+00 -0.0000000e+00 -0.0000000e+00 -0.0000000e+00
    -0.0000000e+00 -0.0000000e+00 -0.0000000e+00 -0.0000000e+00
    -0.0000000e+00 -3.3925110e-03 -1.1247841e-04 -1.8779153e-04
    -2.9027101e-03 -0.0000000e+00 -0.0000000e+00 -0.0000000e+00
    -0.0000000e+00 -0.0000000e+00 -0.0000000e+00 -0.0000000e+00]
   [-0.0000000e+00 -0.0000000e+00 -0.0000000e+00 -0.0000000e+00
    -0.0000000e+00 -0.0000000e+00 -0.0000000e+00 -0.0000000e+00
    -0.0000000e+00 -0.0000000e+00 -0.0000000e+00 -0.0000000e+00
    -0.0000000e+00 -0.0000000e+00 -0.0000000e+00 -0.0000000e+00
    -3.7170318e-03 -1.3198437e-04 -1.1247841e-04 -3.8550680e-03
    -0.0000000e+00 -0.0000000e+00 -0.0000000e+00 -0.0000000e+00
    -0.0000000e+00 -0.0000000e+00 -0.0000000e+00 -0.0000000e+00]
   [-0.0000000e+00 -0.0000000e+00 -0.0000000e+00 -0.0000000e+00
    -0.0000000e+00 -0.0000000e+00 -0.0000000e+00 -0.0000000e+00
    -0.0000000e+00 -0.0000000e+00 -0.0000000e+00 -0.0000000e+00
    -0.0000000e+00 -0.0000000e+00 -0.0000000e+00 -0.0000000e+00
    -3.1908653e-03 -1.1247841e-04 -9.0959284e-04 -3.4110481e-04
    -0.0000000e+00 -0.0000000e+00 -0.0000000e+00 -0.0000000e+00
    -0.0000000e+00 -0.0000000e+00 -0.0000000e+00 -0.0000000e+00]
   [-0.0000000e+00 -0.0000000e+00 -0.0000000e+00 -0.0000000e+00
    -0.0000000e+00 -0.0000000e+00 -0.0000000e+00 -0.0000000e+00
    -0.0000000e+00 -0.0000000e+00 -0.0000000e+00 -0.0000000e+00
    -0.0000000e+00 -0.0000000e+00 -0.0000000e+00 -6.1362237e-04
    -5.3231791e-04 -1.3627998e-04 -3.6688629e-03 -0.0000000e+00
    -0.0000000e+00 -0.0000000e+00 -0.0000000e+00 -0.0000000e+00
    -0.0000000e+00 -0.0000000e+00 -0.0000000e+00 -0.0000000e+00]
   [-0.0000000e+00 -0.0000000e+00 -0.0000000e+00 -0.0000000e+00
    -0.0000000e+00 -0.0000000e+00 -0.0000000e+00 -0.0000000e+00
    -0.0000000e+00 -0.0000000e+00 -0.0000000e+00 -0.0000000e+00
    -0.0000000e+00 -0.0000000e+00 -0.0000000e+00 -3.5392880e-03
    -1.1247841e-04 -1.0480580e-03 -0.0000000e+00 -0.0000000e+00
    -0.0000000e+00 -0.0000000e+00 -0.0000000e+00 -0.0000000e+00
    -0.0000000e+00 -0.0000000e+00 -0.0000000e+00 -0.0000000e+00]
   [-0.0000000e+00 -0.0000000e+00 -0.0000000e+00 -0.0000000e+00
    -0.0000000e+00 -0.0000000e+00 -0.0000000e+00 -0.0000000e+00
    -0.0000000e+00 -0.0000000e+00 -0.0000000e+00 -0.0000000e+00
    -0.0000000e+00 -0.0000000e+00 -4.3208729e-03 -1.2379985e-04
    -1.7612545e-04 -3.6196737e-03 -0.0000000e+00 -0.0000000e+00
    -0.0000000e+00 -0.0000000e+00 -0.0000000e+00 -0.0000000e+00
    -0.0000000e+00 -0.0000000e+00 -0.0000000e+00 -0.0000000e+00]
   [-0.0000000e+00 -0.0000000e+00 -0.0000000e+00 -0.0000000e+00
    -0.0000000e+00 -0.0000000e+00 -0.0000000e+00 -0.0000000e+00
    -0.0000000e+00 -0.0000000e+00 -0.0000000e+00 -0.0000000e+00
    -0.0000000e+00 -1.2911062e-03 -3.2304158e-04 -1.1247841e-04
    -1.6035902e-03 -0.0000000e+00 -0.0000000e+00 -0.0000000e+00
    -0.0000000e+00 -0.0000000e+00 -0.0000000e+00 -0.0000000e+00
    -0.0000000e+00 -0.0000000e+00 -0.0000000e+00 -0.0000000e+00]
   [-0.0000000e+00 -0.0000000e+00 -0.0000000e+00 -0.0000000e+00
    -0.0000000e+00 -0.0000000e+00 -0.0000000e+00 -0.0000000e+00
    -0.0000000e+00 -0.0000000e+00 -0.0000000e+00 -0.0000000e+00
    -2.0469693e-04 -5.6589150e-04 -1.1247841e-04 -3.4412462e-04
    -2.3452921e-03 -0.0000000e+00 -0.0000000e+00 -0.0000000e+00
    -0.0000000e+00 -0.0000000e+00 -0.0000000e+00 -0.0000000e+00
    -0.0000000e+00 -0.0000000e+00 -0.0000000e+00 -0.0000000e+00]
   [-0.0000000e+00 -0.0000000e+00 -0.0000000e+00 -0.0000000e+00
    -0.0000000e+00 -0.0000000e+00 -0.0000000e+00 -0.0000000e+00
    -0.0000000e+00 -0.0000000e+00 -0.0000000e+00 -0.0000000e+00
    -2.5350892e-03 -1.1247841e-04 -1.1247841e-04 -4.3705576e-03
    -0.0000000e+00 -0.0000000e+00 -0.0000000e+00 -0.0000000e+00
    -0.0000000e+00 -0.0000000e+00 -0.0000000e+00 -0.0000000e+00
    -0.0000000e+00 -0.0000000e+00 -0.0000000e+00 -0.0000000e+00]
   [-0.0000000e+00 -0.0000000e+00 -0.0000000e+00 -0.0000000e+00
    -0.0000000e+00 -0.0000000e+00 -0.0000000e+00 -0.0000000e+00
    -0.0000000e+00 -0.0000000e+00 -0.0000000e+00 -2.0873847e-03
    -2.9372075e-04 -1.1247841e-04 -4.0213256e-03 -6.8237918e-05
    -0.0000000e+00 -0.0000000e+00 -0.0000000e+00 -0.0000000e+00
    -0.0000000e+00 -0.0000000e+00 -0.0000000e+00 -0.0000000e+00
    -0.0000000e+00 -0.0000000e+00 -0.0000000e+00 -0.0000000e+00]
   [-0.0000000e+00 -0.0000000e+00 -0.0000000e+00 -0.0000000e+00
    -0.0000000e+00 -0.0000000e+00 -0.0000000e+00 -0.0000000e+00
    -0.0000000e+00 -0.0000000e+00 -0.0000000e+00 -3.1908653e-03
    -1.1247841e-04 -1.1247841e-04 -3.3596295e-03 -0.0000000e+00
    -0.0000000e+00 -0.0000000e+00 -0.0000000e+00 -0.0000000e+00
    -0.0000000e+00 -0.0000000e+00 -0.0000000e+00 -0.0000000e+00
    -0.0000000e+00 -0.0000000e+00 -0.0000000e+00 -0.0000000e+00]
   [-0.0000000e+00 -0.0000000e+00 -0.0000000e+00 -0.0000000e+00
    -0.0000000e+00 -0.0000000e+00 -0.0000000e+00 -0.0000000e+00
    -0.0000000e+00 -0.0000000e+00 -3.8101699e-03 -1.6518313e-04
    -1.1247841e-04 -1.1247841e-04 -3.3596295e-03 -0.0000000e+00
    -0.0000000e+00 -0.0000000e+00 -0.0000000e+00 -0.0000000e+00
    -0.0000000e+00 -0.0000000e+00 -0.0000000e+00 -0.0000000e+00
    -0.0000000e+00 -0.0000000e+00 -0.0000000e+00 -0.0000000e+00]
   [-0.0000000e+00 -0.0000000e+00 -0.0000000e+00 -0.0000000e+00
    -0.0000000e+00 -0.0000000e+00 -0.0000000e+00 -0.0000000e+00
    -0.0000000e+00 -0.0000000e+00 -3.7713721e-03 -1.1247841e-04
    -1.1247841e-04 -3.4412462e-04 -2.6595648e-03 -0.0000000e+00
    -0.0000000e+00 -0.0000000e+00 -0.0000000e+00 -0.0000000e+00
    -0.0000000e+00 -0.0000000e+00 -0.0000000e+00 -0.0000000e+00
    -0.0000000e+00 -0.0000000e+00 -0.0000000e+00 -0.0000000e+00]
   [-0.0000000e+00 -0.0000000e+00 -0.0000000e+00 -0.0000000e+00
    -0.0000000e+00 -0.0000000e+00 -0.0000000e+00 -0.0000000e+00
    -0.0000000e+00 -0.0000000e+00 -3.7713721e-03 -1.1247841e-04
    -5.0056860e-04 -1.2237345e-03 -0.0000000e+00 -0.0000000e+00
    -0.0000000e+00 -0.0000000e+00 -0.0000000e+00 -0.0000000e+00
    -0.0000000e+00 -0.0000000e+00 -0.0000000e+00 -0.0000000e+00
    -0.0000000e+00 -0.0000000e+00 -0.0000000e+00 -0.0000000e+00]
   [-0.0000000e+00 -0.0000000e+00 -0.0000000e+00 -0.0000000e+00
    -0.0000000e+00 -0.0000000e+00 -0.0000000e+00 -0.0000000e+00
    -0.0000000e+00 -0.0000000e+00 -0.0000000e+00 -0.0000000e+00
    -0.0000000e+00 -0.0000000e+00 -0.0000000e+00 -0.0000000e+00
    -0.0000000e+00 -0.0000000e+00 -0.0000000e+00 -0.0000000e+00
    -0.0000000e+00 -0.0000000e+00 -0.0000000e+00 -0.0000000e+00
    -0.0000000e+00 -0.0000000e+00 -0.0000000e+00 -0.0000000e+00]]]]
-----
grad 5: min -0.005390621721744537, max -0.0, mean -0.00026707039796747267, std 0.0009717180510051548
[[[[-0.0000000e+00 -0.0000000e+00 -0.0000000e+00 -0.0000000e+00
    -0.0000000e+00 -0.0000000e+00 -0.0000000e+00 -0.0000000e+00
    -0.0000000e+00 -0.0000000e+00 -0.0000000e+00 -0.0000000e+00
    -0.0000000e+00 -0.0000000e+00 -0.0000000e+00 -0.0000000e+00
    -0.0000000e+00 -0.0000000e+00 -0.0000000e+00 -0.0000000e+00
    -0.0000000e+00 -0.0000000e+00 -0.0000000e+00 -0.0000000e+00
    -0.0000000e+00 -0.0000000e+00 -0.0000000e+00 -0.0000000e+00]
   [-0.0000000e+00 -0.0000000e+00 -0.0000000e+00 -0.0000000e+00
    -0.0000000e+00 -0.0000000e+00 -0.0000000e+00 -0.0000000e+00
    -0.0000000e+00 -0.0000000e+00 -0.0000000e+00 -0.0000000e+00
    -0.0000000e+00 -0.0000000e+00 -0.0000000e+00 -0.0000000e+00
    -0.0000000e+00 -0.0000000e+00 -0.0000000e+00 -0.0000000e+00
    -0.0000000e+00 -0.0000000e+00 -0.0000000e+00 -0.0000000e+00
    -0.0000000e+00 -0.0000000e+00 -0.0000000e+00 -0.0000000e+00]
   [-0.0000000e+00 -0.0000000e+00 -0.0000000e+00 -0.0000000e+00
    -0.0000000e+00 -0.0000000e+00 -0.0000000e+00 -0.0000000e+00
    -0.0000000e+00 -0.0000000e+00 -0.0000000e+00 -0.0000000e+00
    -0.0000000e+00 -0.0000000e+00 -0.0000000e+00 -0.0000000e+00
    -0.0000000e+00 -0.0000000e+00 -0.0000000e+00 -0.0000000e+00
    -0.0000000e+00 -0.0000000e+00 -0.0000000e+00 -0.0000000e+00
    -0.0000000e+00 -0.0000000e+00 -0.0000000e+00 -0.0000000e+00]
   [-0.0000000e+00 -0.0000000e+00 -0.0000000e+00 -0.0000000e+00
    -0.0000000e+00 -0.0000000e+00 -0.0000000e+00 -0.0000000e+00
    -0.0000000e+00 -0.0000000e+00 -0.0000000e+00 -0.0000000e+00
    -0.0000000e+00 -0.0000000e+00 -0.0000000e+00 -0.0000000e+00
    -0.0000000e+00 -0.0000000e+00 -0.0000000e+00 -0.0000000e+00
    -0.0000000e+00 -0.0000000e+00 -0.0000000e+00 -0.0000000e+00
    -0.0000000e+00 -0.0000000e+00 -0.0000000e+00 -0.0000000e+00]
   [-0.0000000e+00 -0.0000000e+00 -0.0000000e+00 -0.0000000e+00
    -0.0000000e+00 -0.0000000e+00 -0.0000000e+00 -0.0000000e+00
    -0.0000000e+00 -0.0000000e+00 -0.0000000e+00 -0.0000000e+00
    -0.0000000e+00 -0.0000000e+00 -0.0000000e+00 -0.0000000e+00
    -0.0000000e+00 -0.0000000e+00 -0.0000000e+00 -0.0000000e+00
    -0.0000000e+00 -0.0000000e+00 -0.0000000e+00 -0.0000000e+00
    -0.0000000e+00 -0.0000000e+00 -0.0000000e+00 -0.0000000e+00]
   [-0.0000000e+00 -0.0000000e+00 -0.0000000e+00 -0.0000000e+00
    -0.0000000e+00 -0.0000000e+00 -0.0000000e+00 -0.0000000e+00
    -0.0000000e+00 -0.0000000e+00 -0.0000000e+00 -0.0000000e+00
    -0.0000000e+00 -0.0000000e+00 -0.0000000e+00 -0.0000000e+00
    -0.0000000e+00 -0.0000000e+00 -0.0000000e+00 -0.0000000e+00
    -0.0000000e+00 -0.0000000e+00 -0.0000000e+00 -0.0000000e+00
    -0.0000000e+00 -0.0000000e+00 -0.0000000e+00 -0.0000000e+00]
   [-0.0000000e+00 -0.0000000e+00 -0.0000000e+00 -0.0000000e+00
    -0.0000000e+00 -0.0000000e+00 -0.0000000e+00 -0.0000000e+00
    -0.0000000e+00 -0.0000000e+00 -0.0000000e+00 -0.0000000e+00
    -0.0000000e+00 -0.0000000e+00 -0.0000000e+00 -0.0000000e+00
    -0.0000000e+00 -0.0000000e+00 -0.0000000e+00 -0.0000000e+00
    -0.0000000e+00 -0.0000000e+00 -0.0000000e+00 -0.0000000e+00
    -0.0000000e+00 -0.0000000e+00 -0.0000000e+00 -0.0000000e+00]
   [-0.0000000e+00 -0.0000000e+00 -0.0000000e+00 -0.0000000e+00
    -0.0000000e+00 -0.0000000e+00 -5.3906217e-03 -1.1556677e-03
    -2.2805796e-03 -2.7295612e-03 -4.5169746e-03 -2.8907261e-03
    -0.0000000e+00 -0.0000000e+00 -0.0000000e+00 -0.0000000e+00
    -0.0000000e+00 -0.0000000e+00 -0.0000000e+00 -0.0000000e+00
    -0.0000000e+00 -0.0000000e+00 -0.0000000e+00 -0.0000000e+00
    -0.0000000e+00 -0.0000000e+00 -0.0000000e+00 -0.0000000e+00]
   [-0.0000000e+00 -0.0000000e+00 -0.0000000e+00 -0.0000000e+00
    -0.0000000e+00 -0.0000000e+00 -3.7556287e-04 -1.3497409e-04
    -1.3497409e-04 -1.3497409e-04 -1.3497409e-04 -2.0467918e-04
    -7.9000375e-04 -7.9000375e-04 -7.9000375e-04 -7.9000375e-04
    -7.9000375e-04 -7.9000375e-04 -7.9000375e-04 -7.9000375e-04
    -1.7380181e-03 -4.0315553e-03 -0.0000000e+00 -0.0000000e+00
    -0.0000000e+00 -0.0000000e+00 -0.0000000e+00 -0.0000000e+00]
   [-0.0000000e+00 -0.0000000e+00 -0.0000000e+00 -0.0000000e+00
    -0.0000000e+00 -0.0000000e+00 -4.8737628e-03 -4.8711132e-03
    -5.0815339e-03 -4.8711132e-03 -2.0724167e-03 -3.2037211e-04
    -1.3497409e-04 -3.4143557e-04 -1.3497409e-04 -1.3497409e-04
    -1.3497409e-04 -1.5339050e-04 -3.0057263e-04 -1.3497409e-04
    -1.3497409e-04 -3.3963749e-03 -0.0000000e+00 -0.0000000e+00
    -0.0000000e+00 -0.0000000e+00 -0.0000000e+00 -0.0000000e+00]
   [-0.0000000e+00 -0.0000000e+00 -0.0000000e+00 -0.0000000e+00
    -0.0000000e+00 -0.0000000e+00 -0.0000000e+00 -0.0000000e+00
    -0.0000000e+00 -0.0000000e+00 -0.0000000e+00 -1.3875094e-03
    -4.8272591e-03 -1.1439404e-03 -4.8737628e-03 -4.8737628e-03
    -4.8737628e-03 -4.4604382e-03 -1.7105954e-03 -2.4026798e-04
    -1.3497409e-04 -5.1795319e-03 -0.0000000e+00 -0.0000000e+00
    -0.0000000e+00 -0.0000000e+00 -0.0000000e+00 -0.0000000e+00]
   [-0.0000000e+00 -0.0000000e+00 -0.0000000e+00 -0.0000000e+00
    -0.0000000e+00 -0.0000000e+00 -0.0000000e+00 -0.0000000e+00
    -0.0000000e+00 -0.0000000e+00 -0.0000000e+00 -0.0000000e+00
    -0.0000000e+00 -0.0000000e+00 -0.0000000e+00 -0.0000000e+00
    -0.0000000e+00 -0.0000000e+00 -5.3759329e-03 -1.3935473e-04
    -5.6468177e-04 -1.4684814e-03 -0.0000000e+00 -0.0000000e+00
    -0.0000000e+00 -0.0000000e+00 -0.0000000e+00 -0.0000000e+00]
   [-0.0000000e+00 -0.0000000e+00 -0.0000000e+00 -0.0000000e+00
    -0.0000000e+00 -0.0000000e+00 -0.0000000e+00 -0.0000000e+00
    -0.0000000e+00 -0.0000000e+00 -0.0000000e+00 -0.0000000e+00
    -0.0000000e+00 -0.0000000e+00 -0.0000000e+00 -0.0000000e+00
    -0.0000000e+00 -1.7909933e-03 -2.6449646e-04 -1.3073193e-04
    -5.3759329e-03 -0.0000000e+00 -0.0000000e+00 -0.0000000e+00
    -0.0000000e+00 -0.0000000e+00 -0.0000000e+00 -0.0000000e+00]
   [-0.0000000e+00 -0.0000000e+00 -0.0000000e+00 -0.0000000e+00
    -0.0000000e+00 -0.0000000e+00 -0.0000000e+00 -0.0000000e+00
    -0.0000000e+00 -0.0000000e+00 -0.0000000e+00 -0.0000000e+00
    -0.0000000e+00 -0.0000000e+00 -0.0000000e+00 -0.0000000e+00
    -0.0000000e+00 -4.0710131e-03 -1.3497409e-04 -2.2534984e-04
    -3.4832521e-03 -0.0000000e+00 -0.0000000e+00 -0.0000000e+00
    -0.0000000e+00 -0.0000000e+00 -0.0000000e+00 -0.0000000e+00]
   [-0.0000000e+00 -0.0000000e+00 -0.0000000e+00 -0.0000000e+00
    -0.0000000e+00 -0.0000000e+00 -0.0000000e+00 -0.0000000e+00
    -0.0000000e+00 -0.0000000e+00 -0.0000000e+00 -0.0000000e+00
    -0.0000000e+00 -0.0000000e+00 -0.0000000e+00 -0.0000000e+00
    -4.4604382e-03 -1.5838124e-04 -1.3497409e-04 -4.6260818e-03
    -0.0000000e+00 -0.0000000e+00 -0.0000000e+00 -0.0000000e+00
    -0.0000000e+00 -0.0000000e+00 -0.0000000e+00 -0.0000000e+00]
   [-0.0000000e+00 -0.0000000e+00 -0.0000000e+00 -0.0000000e+00
    -0.0000000e+00 -0.0000000e+00 -0.0000000e+00 -0.0000000e+00
    -0.0000000e+00 -0.0000000e+00 -0.0000000e+00 -0.0000000e+00
    -0.0000000e+00 -0.0000000e+00 -0.0000000e+00 -0.0000000e+00
    -3.8290382e-03 -1.3497409e-04 -1.0915115e-03 -4.0932576e-04
    -0.0000000e+00 -0.0000000e+00 -0.0000000e+00 -0.0000000e+00
    -0.0000000e+00 -0.0000000e+00 -0.0000000e+00 -0.0000000e+00]
   [-0.0000000e+00 -0.0000000e+00 -0.0000000e+00 -0.0000000e+00
    -0.0000000e+00 -0.0000000e+00 -0.0000000e+00 -0.0000000e+00
    -0.0000000e+00 -0.0000000e+00 -0.0000000e+00 -0.0000000e+00
    -0.0000000e+00 -0.0000000e+00 -0.0000000e+00 -7.3634682e-04
    -6.3878146e-04 -1.6353598e-04 -4.4026356e-03 -0.0000000e+00
    -0.0000000e+00 -0.0000000e+00 -0.0000000e+00 -0.0000000e+00
    -0.0000000e+00 -0.0000000e+00 -0.0000000e+00 -0.0000000e+00]
   [-0.0000000e+00 -0.0000000e+00 -0.0000000e+00 -0.0000000e+00
    -0.0000000e+00 -0.0000000e+00 -0.0000000e+00 -0.0000000e+00
    -0.0000000e+00 -0.0000000e+00 -0.0000000e+00 -0.0000000e+00
    -0.0000000e+00 -0.0000000e+00 -0.0000000e+00 -4.2471457e-03
    -1.3497409e-04 -1.2576696e-03 -0.0000000e+00 -0.0000000e+00
    -0.0000000e+00 -0.0000000e+00 -0.0000000e+00 -0.0000000e+00
    -0.0000000e+00 -0.0000000e+00 -0.0000000e+00 -0.0000000e+00]
   [-0.0000000e+00 -0.0000000e+00 -0.0000000e+00 -0.0000000e+00
    -0.0000000e+00 -0.0000000e+00 -0.0000000e+00 -0.0000000e+00
    -0.0000000e+00 -0.0000000e+00 -0.0000000e+00 -0.0000000e+00
    -0.0000000e+00 -0.0000000e+00 -5.1850476e-03 -1.4855982e-04
    -2.1135055e-04 -4.3436084e-03 -0.0000000e+00 -0.0000000e+00
    -0.0000000e+00 -0.0000000e+00 -0.0000000e+00 -0.0000000e+00
    -0.0000000e+00 -0.0000000e+00 -0.0000000e+00 -0.0000000e+00]
   [-0.0000000e+00 -0.0000000e+00 -0.0000000e+00 -0.0000000e+00
    -0.0000000e+00 -0.0000000e+00 -0.0000000e+00 -0.0000000e+00
    -0.0000000e+00 -0.0000000e+00 -0.0000000e+00 -0.0000000e+00
    -0.0000000e+00 -1.5493275e-03 -3.8764990e-04 -1.3497409e-04
    -1.9243082e-03 -0.0000000e+00 -0.0000000e+00 -0.0000000e+00
    -0.0000000e+00 -0.0000000e+00 -0.0000000e+00 -0.0000000e+00
    -0.0000000e+00 -0.0000000e+00 -0.0000000e+00 -0.0000000e+00]
   [-0.0000000e+00 -0.0000000e+00 -0.0000000e+00 -0.0000000e+00
    -0.0000000e+00 -0.0000000e+00 -0.0000000e+00 -0.0000000e+00
    -0.0000000e+00 -0.0000000e+00 -0.0000000e+00 -0.0000000e+00
    -2.4563633e-04 -6.7906978e-04 -1.3497409e-04 -4.1294954e-04
    -2.8143506e-03 -0.0000000e+00 -0.0000000e+00 -0.0000000e+00
    -0.0000000e+00 -0.0000000e+00 -0.0000000e+00 -0.0000000e+00
    -0.0000000e+00 -0.0000000e+00 -0.0000000e+00 -0.0000000e+00]
   [-0.0000000e+00 -0.0000000e+00 -0.0000000e+00 -0.0000000e+00
    -0.0000000e+00 -0.0000000e+00 -0.0000000e+00 -0.0000000e+00
    -0.0000000e+00 -0.0000000e+00 -0.0000000e+00 -0.0000000e+00
    -3.0421070e-03 -1.3497409e-04 -1.3497409e-04 -5.2446690e-03
    -0.0000000e+00 -0.0000000e+00 -0.0000000e+00 -0.0000000e+00
    -0.0000000e+00 -0.0000000e+00 -0.0000000e+00 -0.0000000e+00
    -0.0000000e+00 -0.0000000e+00 -0.0000000e+00 -0.0000000e+00]
   [-0.0000000e+00 -0.0000000e+00 -0.0000000e+00 -0.0000000e+00
    -0.0000000e+00 -0.0000000e+00 -0.0000000e+00 -0.0000000e+00
    -0.0000000e+00 -0.0000000e+00 -0.0000000e+00 -2.5048617e-03
    -3.5246491e-04 -1.3497409e-04 -4.8255906e-03 -8.1885504e-05
    -0.0000000e+00 -0.0000000e+00 -0.0000000e+00 -0.0000000e+00
    -0.0000000e+00 -0.0000000e+00 -0.0000000e+00 -0.0000000e+00
    -0.0000000e+00 -0.0000000e+00 -0.0000000e+00 -0.0000000e+00]
   [-0.0000000e+00 -0.0000000e+00 -0.0000000e+00 -0.0000000e+00
    -0.0000000e+00 -0.0000000e+00 -0.0000000e+00 -0.0000000e+00
    -0.0000000e+00 -0.0000000e+00 -0.0000000e+00 -3.8290382e-03
    -1.3497409e-04 -1.3497409e-04 -4.0315553e-03 -0.0000000e+00
    -0.0000000e+00 -0.0000000e+00 -0.0000000e+00 -0.0000000e+00
    -0.0000000e+00 -0.0000000e+00 -0.0000000e+00 -0.0000000e+00
    -0.0000000e+00 -0.0000000e+00 -0.0000000e+00 -0.0000000e+00]
   [-0.0000000e+00 -0.0000000e+00 -0.0000000e+00 -0.0000000e+00
    -0.0000000e+00 -0.0000000e+00 -0.0000000e+00 -0.0000000e+00
    -0.0000000e+00 -0.0000000e+00 -4.5722038e-03 -1.9821976e-04
    -1.3497409e-04 -1.3497409e-04 -4.0315553e-03 -0.0000000e+00
    -0.0000000e+00 -0.0000000e+00 -0.0000000e+00 -0.0000000e+00
    -0.0000000e+00 -0.0000000e+00 -0.0000000e+00 -0.0000000e+00
    -0.0000000e+00 -0.0000000e+00 -0.0000000e+00 -0.0000000e+00]
   [-0.0000000e+00 -0.0000000e+00 -0.0000000e+00 -0.0000000e+00
    -0.0000000e+00 -0.0000000e+00 -0.0000000e+00 -0.0000000e+00
    -0.0000000e+00 -0.0000000e+00 -4.5256466e-03 -1.3497409e-04
    -1.3497409e-04 -4.1294954e-04 -3.1914779e-03 -0.0000000e+00
    -0.0000000e+00 -0.0000000e+00 -0.0000000e+00 -0.0000000e+00
    -0.0000000e+00 -0.0000000e+00 -0.0000000e+00 -0.0000000e+00
    -0.0000000e+00 -0.0000000e+00 -0.0000000e+00 -0.0000000e+00]
   [-0.0000000e+00 -0.0000000e+00 -0.0000000e+00 -0.0000000e+00
    -0.0000000e+00 -0.0000000e+00 -0.0000000e+00 -0.0000000e+00
    -0.0000000e+00 -0.0000000e+00 -4.5256466e-03 -1.3497409e-04
    -6.0068234e-04 -1.4684814e-03 -0.0000000e+00 -0.0000000e+00
    -0.0000000e+00 -0.0000000e+00 -0.0000000e+00 -0.0000000e+00
    -0.0000000e+00 -0.0000000e+00 -0.0000000e+00 -0.0000000e+00
    -0.0000000e+00 -0.0000000e+00 -0.0000000e+00 -0.0000000e+00]
   [-0.0000000e+00 -0.0000000e+00 -0.0000000e+00 -0.0000000e+00
    -0.0000000e+00 -0.0000000e+00 -0.0000000e+00 -0.0000000e+00
    -0.0000000e+00 -0.0000000e+00 -0.0000000e+00 -0.0000000e+00
    -0.0000000e+00 -0.0000000e+00 -0.0000000e+00 -0.0000000e+00
    -0.0000000e+00 -0.0000000e+00 -0.0000000e+00 -0.0000000e+00
    -0.0000000e+00 -0.0000000e+00 -0.0000000e+00 -0.0000000e+00
    -0.0000000e+00 -0.0000000e+00 -0.0000000e+00 -0.0000000e+00]]]]
-----
grad 6: min -0.006289058830589056, max -0.0, mean -0.0003115821455139667, std 0.0011336710304021835
[[[[-0.0000000e+00 -0.0000000e+00 -0.0000000e+00 -0.0000000e+00
    -0.0000000e+00 -0.0000000e+00 -0.0000000e+00 -0.0000000e+00
    -0.0000000e+00 -0.0000000e+00 -0.0000000e+00 -0.0000000e+00
    -0.0000000e+00 -0.0000000e+00 -0.0000000e+00 -0.0000000e+00
    -0.0000000e+00 -0.0000000e+00 -0.0000000e+00 -0.0000000e+00
    -0.0000000e+00 -0.0000000e+00 -0.0000000e+00 -0.0000000e+00
    -0.0000000e+00 -0.0000000e+00 -0.0000000e+00 -0.0000000e+00]
   [-0.0000000e+00 -0.0000000e+00 -0.0000000e+00 -0.0000000e+00
    -0.0000000e+00 -0.0000000e+00 -0.0000000e+00 -0.0000000e+00
    -0.0000000e+00 -0.0000000e+00 -0.0000000e+00 -0.0000000e+00
    -0.0000000e+00 -0.0000000e+00 -0.0000000e+00 -0.0000000e+00
    -0.0000000e+00 -0.0000000e+00 -0.0000000e+00 -0.0000000e+00
    -0.0000000e+00 -0.0000000e+00 -0.0000000e+00 -0.0000000e+00
    -0.0000000e+00 -0.0000000e+00 -0.0000000e+00 -0.0000000e+00]
   [-0.0000000e+00 -0.0000000e+00 -0.0000000e+00 -0.0000000e+00
    -0.0000000e+00 -0.0000000e+00 -0.0000000e+00 -0.0000000e+00
    -0.0000000e+00 -0.0000000e+00 -0.0000000e+00 -0.0000000e+00
    -0.0000000e+00 -0.0000000e+00 -0.0000000e+00 -0.0000000e+00
    -0.0000000e+00 -0.0000000e+00 -0.0000000e+00 -0.0000000e+00
    -0.0000000e+00 -0.0000000e+00 -0.0000000e+00 -0.0000000e+00
    -0.0000000e+00 -0.0000000e+00 -0.0000000e+00 -0.0000000e+00]
   [-0.0000000e+00 -0.0000000e+00 -0.0000000e+00 -0.0000000e+00
    -0.0000000e+00 -0.0000000e+00 -0.0000000e+00 -0.0000000e+00
    -0.0000000e+00 -0.0000000e+00 -0.0000000e+00 -0.0000000e+00
    -0.0000000e+00 -0.0000000e+00 -0.0000000e+00 -0.0000000e+00
    -0.0000000e+00 -0.0000000e+00 -0.0000000e+00 -0.0000000e+00
    -0.0000000e+00 -0.0000000e+00 -0.0000000e+00 -0.0000000e+00
    -0.0000000e+00 -0.0000000e+00 -0.0000000e+00 -0.0000000e+00]
   [-0.0000000e+00 -0.0000000e+00 -0.0000000e+00 -0.0000000e+00
    -0.0000000e+00 -0.0000000e+00 -0.0000000e+00 -0.0000000e+00
    -0.0000000e+00 -0.0000000e+00 -0.0000000e+00 -0.0000000e+00
    -0.0000000e+00 -0.0000000e+00 -0.0000000e+00 -0.0000000e+00
    -0.0000000e+00 -0.0000000e+00 -0.0000000e+00 -0.0000000e+00
    -0.0000000e+00 -0.0000000e+00 -0.0000000e+00 -0.0000000e+00
    -0.0000000e+00 -0.0000000e+00 -0.0000000e+00 -0.0000000e+00]
   [-0.0000000e+00 -0.0000000e+00 -0.0000000e+00 -0.0000000e+00
    -0.0000000e+00 -0.0000000e+00 -0.0000000e+00 -0.0000000e+00
    -0.0000000e+00 -0.0000000e+00 -0.0000000e+00 -0.0000000e+00
    -0.0000000e+00 -0.0000000e+00 -0.0000000e+00 -0.0000000e+00
    -0.0000000e+00 -0.0000000e+00 -0.0000000e+00 -0.0000000e+00
    -0.0000000e+00 -0.0000000e+00 -0.0000000e+00 -0.0000000e+00
    -0.0000000e+00 -0.0000000e+00 -0.0000000e+00 -0.0000000e+00]
   [-0.0000000e+00 -0.0000000e+00 -0.0000000e+00 -0.0000000e+00
    -0.0000000e+00 -0.0000000e+00 -0.0000000e+00 -0.0000000e+00
    -0.0000000e+00 -0.0000000e+00 -0.0000000e+00 -0.0000000e+00
    -0.0000000e+00 -0.0000000e+00 -0.0000000e+00 -0.0000000e+00
    -0.0000000e+00 -0.0000000e+00 -0.0000000e+00 -0.0000000e+00
    -0.0000000e+00 -0.0000000e+00 -0.0000000e+00 -0.0000000e+00
    -0.0000000e+00 -0.0000000e+00 -0.0000000e+00 -0.0000000e+00]
   [-0.0000000e+00 -0.0000000e+00 -0.0000000e+00 -0.0000000e+00
    -0.0000000e+00 -0.0000000e+00 -6.2890588e-03 -1.3482790e-03
    -2.6606764e-03 -3.1844880e-03 -5.2698036e-03 -3.3725137e-03
    -0.0000000e+00 -0.0000000e+00 -0.0000000e+00 -0.0000000e+00
    -0.0000000e+00 -0.0000000e+00 -0.0000000e+00 -0.0000000e+00
    -0.0000000e+00 -0.0000000e+00 -0.0000000e+00 -0.0000000e+00
    -0.0000000e+00 -0.0000000e+00 -0.0000000e+00 -0.0000000e+00]
   [-0.0000000e+00 -0.0000000e+00 -0.0000000e+00 -0.0000000e+00
    -0.0000000e+00 -0.0000000e+00 -4.3815668e-04 -1.5746977e-04
    -1.5746977e-04 -1.5746977e-04 -1.5746977e-04 -2.3879237e-04
    -9.2167105e-04 -9.2167105e-04 -9.2167105e-04 -9.2167105e-04
    -9.2167105e-04 -9.2167105e-04 -9.2167105e-04 -9.2167105e-04
    -2.0276878e-03 -4.7034812e-03 -0.0000000e+00 -0.0000000e+00
    -0.0000000e+00 -0.0000000e+00 -0.0000000e+00 -0.0000000e+00]
   [-0.0000000e+00 -0.0000000e+00 -0.0000000e+00 -0.0000000e+00
    -0.0000000e+00 -0.0000000e+00 -5.6860568e-03 -5.6829653e-03
    -5.9284563e-03 -5.6829653e-03 -2.4178196e-03 -3.7376746e-04
    -1.5746977e-04 -3.9834151e-04 -1.5746977e-04 -1.5746977e-04
    -1.5746977e-04 -1.7895558e-04 -3.5066807e-04 -1.5746977e-04
    -1.5746977e-04 -3.9624372e-03 -0.0000000e+00 -0.0000000e+00
    -0.0000000e+00 -0.0000000e+00 -0.0000000e+00 -0.0000000e+00]
   [-0.0000000e+00 -0.0000000e+00 -0.0000000e+00 -0.0000000e+00
    -0.0000000e+00 -0.0000000e+00 -0.0000000e+00 -0.0000000e+00
    -0.0000000e+00 -0.0000000e+00 -0.0000000e+00 -1.6187610e-03
    -5.6318021e-03 -1.3345971e-03 -5.6860568e-03 -5.6860568e-03
    -5.6860568e-03 -5.2038445e-03 -1.9956946e-03 -2.8031264e-04
    -1.5746977e-04 -6.0427873e-03 -0.0000000e+00 -0.0000000e+00
    -0.0000000e+00 -0.0000000e+00 -0.0000000e+00 -0.0000000e+00]
   [-0.0000000e+00 -0.0000000e+00 -0.0000000e+00 -0.0000000e+00
    -0.0000000e+00 -0.0000000e+00 -0.0000000e+00 -0.0000000e+00
    -0.0000000e+00 -0.0000000e+00 -0.0000000e+00 -0.0000000e+00
    -0.0000000e+00 -0.0000000e+00 -0.0000000e+00 -0.0000000e+00
    -0.0000000e+00 -0.0000000e+00 -6.2719216e-03 -1.6258052e-04
    -6.5879541e-04 -1.7132283e-03 -0.0000000e+00 -0.0000000e+00
    -0.0000000e+00 -0.0000000e+00 -0.0000000e+00 -0.0000000e+00]
   [-0.0000000e+00 -0.0000000e+00 -0.0000000e+00 -0.0000000e+00
    -0.0000000e+00 -0.0000000e+00 -0.0000000e+00 -0.0000000e+00
    -0.0000000e+00 -0.0000000e+00 -0.0000000e+00 -0.0000000e+00
    -0.0000000e+00 -0.0000000e+00 -0.0000000e+00 -0.0000000e+00
    -0.0000000e+00 -2.0894920e-03 -3.0857918e-04 -1.5252059e-04
    -6.2719216e-03 -0.0000000e+00 -0.0000000e+00 -0.0000000e+00
    -0.0000000e+00 -0.0000000e+00 -0.0000000e+00 -0.0000000e+00]
   [-0.0000000e+00 -0.0000000e+00 -0.0000000e+00 -0.0000000e+00
    -0.0000000e+00 -0.0000000e+00 -0.0000000e+00 -0.0000000e+00
    -0.0000000e+00 -0.0000000e+00 -0.0000000e+00 -0.0000000e+00
    -0.0000000e+00 -0.0000000e+00 -0.0000000e+00 -0.0000000e+00
    -0.0000000e+00 -4.7495151e-03 -1.5746977e-04 -2.6290814e-04
    -4.0637944e-03 -0.0000000e+00 -0.0000000e+00 -0.0000000e+00
    -0.0000000e+00 -0.0000000e+00 -0.0000000e+00 -0.0000000e+00]
   [-0.0000000e+00 -0.0000000e+00 -0.0000000e+00 -0.0000000e+00
    -0.0000000e+00 -0.0000000e+00 -0.0000000e+00 -0.0000000e+00
    -0.0000000e+00 -0.0000000e+00 -0.0000000e+00 -0.0000000e+00
    -0.0000000e+00 -0.0000000e+00 -0.0000000e+00 -0.0000000e+00
    -5.2038445e-03 -1.8477811e-04 -1.5746977e-04 -5.3970953e-03
    -0.0000000e+00 -0.0000000e+00 -0.0000000e+00 -0.0000000e+00
    -0.0000000e+00 -0.0000000e+00 -0.0000000e+00 -0.0000000e+00]
   [-0.0000000e+00 -0.0000000e+00 -0.0000000e+00 -0.0000000e+00
    -0.0000000e+00 -0.0000000e+00 -0.0000000e+00 -0.0000000e+00
    -0.0000000e+00 -0.0000000e+00 -0.0000000e+00 -0.0000000e+00
    -0.0000000e+00 -0.0000000e+00 -0.0000000e+00 -0.0000000e+00
    -4.4672112e-03 -1.5746977e-04 -1.2734301e-03 -4.7754671e-04
    -0.0000000e+00 -0.0000000e+00 -0.0000000e+00 -0.0000000e+00
    -0.0000000e+00 -0.0000000e+00 -0.0000000e+00 -0.0000000e+00]
   [-0.0000000e+00 -0.0000000e+00 -0.0000000e+00 -0.0000000e+00
    -0.0000000e+00 -0.0000000e+00 -0.0000000e+00 -0.0000000e+00
    -0.0000000e+00 -0.0000000e+00 -0.0000000e+00 -0.0000000e+00
    -0.0000000e+00 -0.0000000e+00 -0.0000000e+00 -8.5907127e-04
    -7.4524502e-04 -1.9079198e-04 -5.1364084e-03 -0.0000000e+00
    -0.0000000e+00 -0.0000000e+00 -0.0000000e+00 -0.0000000e+00
    -0.0000000e+00 -0.0000000e+00 -0.0000000e+00 -0.0000000e+00]
   [-0.0000000e+00 -0.0000000e+00 -0.0000000e+00 -0.0000000e+00
    -0.0000000e+00 -0.0000000e+00 -0.0000000e+00 -0.0000000e+00
    -0.0000000e+00 -0.0000000e+00 -0.0000000e+00 -0.0000000e+00
    -0.0000000e+00 -0.0000000e+00 -0.0000000e+00 -4.9550035e-03
    -1.5746977e-04 -1.4672813e-03 -0.0000000e+00 -0.0000000e+00
    -0.0000000e+00 -0.0000000e+00 -0.0000000e+00 -0.0000000e+00
    -0.0000000e+00 -0.0000000e+00 -0.0000000e+00 -0.0000000e+00]
   [-0.0000000e+00 -0.0000000e+00 -0.0000000e+00 -0.0000000e+00
    -0.0000000e+00 -0.0000000e+00 -0.0000000e+00 -0.0000000e+00
    -0.0000000e+00 -0.0000000e+00 -0.0000000e+00 -0.0000000e+00
    -0.0000000e+00 -0.0000000e+00 -6.0492223e-03 -1.7331979e-04
    -2.4657563e-04 -5.0675431e-03 -0.0000000e+00 -0.0000000e+00
    -0.0000000e+00 -0.0000000e+00 -0.0000000e+00 -0.0000000e+00
    -0.0000000e+00 -0.0000000e+00 -0.0000000e+00 -0.0000000e+00]
   [-0.0000000e+00 -0.0000000e+00 -0.0000000e+00 -0.0000000e+00
    -0.0000000e+00 -0.0000000e+00 -0.0000000e+00 -0.0000000e+00
    -0.0000000e+00 -0.0000000e+00 -0.0000000e+00 -0.0000000e+00
    -0.0000000e+00 -1.8075488e-03 -4.5225822e-04 -1.5746977e-04
    -2.2450262e-03 -0.0000000e+00 -0.0000000e+00 -0.0000000e+00
    -0.0000000e+00 -0.0000000e+00 -0.0000000e+00 -0.0000000e+00
    -0.0000000e+00 -0.0000000e+00 -0.0000000e+00 -0.0000000e+00]
   [-0.0000000e+00 -0.0000000e+00 -0.0000000e+00 -0.0000000e+00
    -0.0000000e+00 -0.0000000e+00 -0.0000000e+00 -0.0000000e+00
    -0.0000000e+00 -0.0000000e+00 -0.0000000e+00 -0.0000000e+00
    -2.8657573e-04 -7.9224806e-04 -1.5746977e-04 -4.8177445e-04
    -3.2834092e-03 -0.0000000e+00 -0.0000000e+00 -0.0000000e+00
    -0.0000000e+00 -0.0000000e+00 -0.0000000e+00 -0.0000000e+00
    -0.0000000e+00 -0.0000000e+00 -0.0000000e+00 -0.0000000e+00]
   [-0.0000000e+00 -0.0000000e+00 -0.0000000e+00 -0.0000000e+00
    -0.0000000e+00 -0.0000000e+00 -0.0000000e+00 -0.0000000e+00
    -0.0000000e+00 -0.0000000e+00 -0.0000000e+00 -0.0000000e+00
    -3.5491248e-03 -1.5746977e-04 -1.5746977e-04 -6.1187805e-03
    -0.0000000e+00 -0.0000000e+00 -0.0000000e+00 -0.0000000e+00
    -0.0000000e+00 -0.0000000e+00 -0.0000000e+00 -0.0000000e+00
    -0.0000000e+00 -0.0000000e+00 -0.0000000e+00 -0.0000000e+00]
   [-0.0000000e+00 -0.0000000e+00 -0.0000000e+00 -0.0000000e+00
    -0.0000000e+00 -0.0000000e+00 -0.0000000e+00 -0.0000000e+00
    -0.0000000e+00 -0.0000000e+00 -0.0000000e+00 -2.9223387e-03
    -4.1120907e-04 -1.5746977e-04 -5.6298557e-03 -9.5533091e-05
    -0.0000000e+00 -0.0000000e+00 -0.0000000e+00 -0.0000000e+00
    -0.0000000e+00 -0.0000000e+00 -0.0000000e+00 -0.0000000e+00
    -0.0000000e+00 -0.0000000e+00 -0.0000000e+00 -0.0000000e+00]
   [-0.0000000e+00 -0.0000000e+00 -0.0000000e+00 -0.0000000e+00
    -0.0000000e+00 -0.0000000e+00 -0.0000000e+00 -0.0000000e+00
    -0.0000000e+00 -0.0000000e+00 -0.0000000e+00 -4.4672112e-03
    -1.5746977e-04 -1.5746977e-04 -4.7034812e-03 -0.0000000e+00
    -0.0000000e+00 -0.0000000e+00 -0.0000000e+00 -0.0000000e+00
    -0.0000000e+00 -0.0000000e+00 -0.0000000e+00 -0.0000000e+00
    -0.0000000e+00 -0.0000000e+00 -0.0000000e+00 -0.0000000e+00]
   [-0.0000000e+00 -0.0000000e+00 -0.0000000e+00 -0.0000000e+00
    -0.0000000e+00 -0.0000000e+00 -0.0000000e+00 -0.0000000e+00
    -0.0000000e+00 -0.0000000e+00 -5.3342376e-03 -2.3125639e-04
    -1.5746977e-04 -1.5746977e-04 -4.7034812e-03 -0.0000000e+00
    -0.0000000e+00 -0.0000000e+00 -0.0000000e+00 -0.0000000e+00
    -0.0000000e+00 -0.0000000e+00 -0.0000000e+00 -0.0000000e+00
    -0.0000000e+00 -0.0000000e+00 -0.0000000e+00 -0.0000000e+00]
   [-0.0000000e+00 -0.0000000e+00 -0.0000000e+00 -0.0000000e+00
    -0.0000000e+00 -0.0000000e+00 -0.0000000e+00 -0.0000000e+00
    -0.0000000e+00 -0.0000000e+00 -5.2799210e-03 -1.5746977e-04
    -1.5746977e-04 -4.8177445e-04 -3.7233909e-03 -0.0000000e+00
    -0.0000000e+00 -0.0000000e+00 -0.0000000e+00 -0.0000000e+00
    -0.0000000e+00 -0.0000000e+00 -0.0000000e+00 -0.0000000e+00
    -0.0000000e+00 -0.0000000e+00 -0.0000000e+00 -0.0000000e+00]
   [-0.0000000e+00 -0.0000000e+00 -0.0000000e+00 -0.0000000e+00
    -0.0000000e+00 -0.0000000e+00 -0.0000000e+00 -0.0000000e+00
    -0.0000000e+00 -0.0000000e+00 -5.2799210e-03 -1.5746977e-04
    -7.0079608e-04 -1.7132283e-03 -0.0000000e+00 -0.0000000e+00
    -0.0000000e+00 -0.0000000e+00 -0.0000000e+00 -0.0000000e+00
    -0.0000000e+00 -0.0000000e+00 -0.0000000e+00 -0.0000000e+00
    -0.0000000e+00 -0.0000000e+00 -0.0000000e+00 -0.0000000e+00]
   [-0.0000000e+00 -0.0000000e+00 -0.0000000e+00 -0.0000000e+00
    -0.0000000e+00 -0.0000000e+00 -0.0000000e+00 -0.0000000e+00
    -0.0000000e+00 -0.0000000e+00 -0.0000000e+00 -0.0000000e+00
    -0.0000000e+00 -0.0000000e+00 -0.0000000e+00 -0.0000000e+00
    -0.0000000e+00 -0.0000000e+00 -0.0000000e+00 -0.0000000e+00
    -0.0000000e+00 -0.0000000e+00 -0.0000000e+00 -0.0000000e+00
    -0.0000000e+00 -0.0000000e+00 -0.0000000e+00 -0.0000000e+00]]]]
-----
grad 7: min -0.007187495939433575, max -0.0, mean -0.0003560938930604607, std 0.0012956240680068731
[[[[-0.         -0.         -0.         -0.         -0.
    -0.         -0.         -0.         -0.         -0.
    -0.         -0.         -0.         -0.         -0.
    -0.         -0.         -0.         -0.         -0.
    -0.         -0.         -0.         -0.         -0.
    -0.         -0.         -0.        ]
   [-0.         -0.         -0.         -0.         -0.
    -0.         -0.         -0.         -0.         -0.
    -0.         -0.         -0.         -0.         -0.
    -0.         -0.         -0.         -0.         -0.
    -0.         -0.         -0.         -0.         -0.
    -0.         -0.         -0.        ]
   [-0.         -0.         -0.         -0.         -0.
    -0.         -0.         -0.         -0.         -0.
    -0.         -0.         -0.         -0.         -0.
    -0.         -0.         -0.         -0.         -0.
    -0.         -0.         -0.         -0.         -0.
    -0.         -0.         -0.        ]
   [-0.         -0.         -0.         -0.         -0.
    -0.         -0.         -0.         -0.         -0.
    -0.         -0.         -0.         -0.         -0.
    -0.         -0.         -0.         -0.         -0.
    -0.         -0.         -0.         -0.         -0.
    -0.         -0.         -0.        ]
   [-0.         -0.         -0.         -0.         -0.
    -0.         -0.         -0.         -0.         -0.
    -0.         -0.         -0.         -0.         -0.
    -0.         -0.         -0.         -0.         -0.
    -0.         -0.         -0.         -0.         -0.
    -0.         -0.         -0.        ]
   [-0.         -0.         -0.         -0.         -0.
    -0.         -0.         -0.         -0.         -0.
    -0.         -0.         -0.         -0.         -0.
    -0.         -0.         -0.         -0.         -0.
    -0.         -0.         -0.         -0.         -0.
    -0.         -0.         -0.        ]
   [-0.         -0.         -0.         -0.         -0.
    -0.         -0.         -0.         -0.         -0.
    -0.         -0.         -0.         -0.         -0.
    -0.         -0.         -0.         -0.         -0.
    -0.         -0.         -0.         -0.         -0.
    -0.         -0.         -0.        ]
   [-0.         -0.         -0.         -0.         -0.
    -0.         -0.0071875  -0.00154089 -0.00304077 -0.00363941
    -0.00602263 -0.0038543  -0.         -0.         -0.
    -0.         -0.         -0.         -0.         -0.
    -0.         -0.         -0.         -0.         -0.
    -0.         -0.         -0.        ]
   [-0.         -0.         -0.         -0.         -0.
    -0.         -0.00050075 -0.00017997 -0.00017997 -0.00017997
    -0.00017997 -0.00027291 -0.00105334 -0.00105334 -0.00105334
    -0.00105334 -0.00105334 -0.00105334 -0.00105334 -0.00105334
    -0.00231736 -0.00537541 -0.         -0.         -0.
    -0.         -0.         -0.        ]
   [-0.         -0.         -0.         -0.         -0.
    -0.         -0.00649835 -0.00649482 -0.00677538 -0.00649482
    -0.00276322 -0.00042716 -0.00017997 -0.00045525 -0.00017997
    -0.00017997 -0.00017997 -0.00020452 -0.00040076 -0.00017997
    -0.00017997 -0.0045285  -0.         -0.         -0.
    -0.         -0.         -0.        ]
   [-0.         -0.         -0.         -0.         -0.
    -0.         -0.         -0.         -0.         -0.
    -0.         -0.00185001 -0.00643635 -0.00152525 -0.00649835
    -0.00649835 -0.00649835 -0.00594725 -0.00228079 -0.00032036
    -0.00017997 -0.00690604 -0.         -0.         -0.
    -0.         -0.         -0.        ]
   [-0.         -0.         -0.         -0.         -0.
    -0.         -0.         -0.         -0.         -0.
    -0.         -0.         -0.         -0.         -0.
    -0.         -0.         -0.         -0.00716791 -0.00018581
    -0.00075291 -0.00195798 -0.         -0.         -0.
    -0.         -0.         -0.        ]
   [-0.         -0.         -0.         -0.         -0.
    -0.         -0.         -0.         -0.         -0.
    -0.         -0.         -0.         -0.         -0.
    -0.         -0.         -0.00238799 -0.00035266 -0.00017431
    -0.00716791 -0.         -0.         -0.         -0.
    -0.         -0.         -0.        ]
   [-0.         -0.         -0.         -0.         -0.
    -0.         -0.         -0.         -0.         -0.
    -0.         -0.         -0.         -0.         -0.
    -0.         -0.         -0.00542802 -0.00017997 -0.00030047
    -0.00464434 -0.         -0.         -0.         -0.
    -0.         -0.         -0.        ]
   [-0.         -0.         -0.         -0.         -0.
    -0.         -0.         -0.         -0.         -0.
    -0.         -0.         -0.         -0.         -0.
    -0.         -0.00594725 -0.00021117 -0.00017997 -0.00616811
    -0.         -0.         -0.         -0.         -0.
    -0.         -0.         -0.        ]
   [-0.         -0.         -0.         -0.         -0.
    -0.         -0.         -0.         -0.         -0.
    -0.         -0.         -0.         -0.         -0.
    -0.         -0.00510538 -0.00017997 -0.00145535 -0.00054577
    -0.         -0.         -0.         -0.         -0.
    -0.         -0.         -0.        ]
   [-0.         -0.         -0.         -0.         -0.
    -0.         -0.         -0.         -0.         -0.
    -0.         -0.         -0.         -0.         -0.
    -0.0009818  -0.00085171 -0.00021805 -0.00587018 -0.
    -0.         -0.         -0.         -0.         -0.
    -0.         -0.         -0.        ]
   [-0.         -0.         -0.         -0.         -0.
    -0.         -0.         -0.         -0.         -0.
    -0.         -0.         -0.         -0.         -0.
    -0.00566286 -0.00017997 -0.00167689 -0.         -0.
    -0.         -0.         -0.         -0.         -0.
    -0.         -0.         -0.        ]
   [-0.         -0.         -0.         -0.         -0.
    -0.         -0.         -0.         -0.         -0.
    -0.         -0.         -0.         -0.         -0.0069134
    -0.00019808 -0.0002818  -0.00579148 -0.         -0.
    -0.         -0.         -0.         -0.         -0.
    -0.         -0.         -0.        ]
   [-0.         -0.         -0.         -0.         -0.
    -0.         -0.         -0.         -0.         -0.
    -0.         -0.         -0.         -0.00206577 -0.00051687
    -0.00017997 -0.00256574 -0.         -0.         -0.
    -0.         -0.         -0.         -0.         -0.
    -0.         -0.         -0.        ]
   [-0.         -0.         -0.         -0.         -0.
    -0.         -0.         -0.         -0.         -0.
    -0.         -0.         -0.00032752 -0.00090543 -0.00017997
    -0.0005506  -0.00375247 -0.         -0.         -0.
    -0.         -0.         -0.         -0.         -0.
    -0.         -0.         -0.        ]
   [-0.         -0.         -0.         -0.         -0.
    -0.         -0.         -0.         -0.         -0.
    -0.         -0.         -0.00405614 -0.00017997 -0.00017997
    -0.00699289 -0.         -0.         -0.         -0.
    -0.         -0.         -0.         -0.         -0.
    -0.         -0.         -0.        ]
   [-0.         -0.         -0.         -0.         -0.
    -0.         -0.         -0.         -0.         -0.
    -0.         -0.00333982 -0.00046995 -0.00017997 -0.00643412
    -0.00010918 -0.         -0.         -0.         -0.
    -0.         -0.         -0.         -0.         -0.
    -0.         -0.         -0.        ]
   [-0.         -0.         -0.         -0.         -0.
    -0.         -0.         -0.         -0.         -0.
    -0.         -0.00510538 -0.00017997 -0.00017997 -0.00537541
    -0.         -0.         -0.         -0.         -0.
    -0.         -0.         -0.         -0.         -0.
    -0.         -0.         -0.        ]
   [-0.         -0.         -0.         -0.         -0.
    -0.         -0.         -0.         -0.         -0.
    -0.00609627 -0.00026429 -0.00017997 -0.00017997 -0.00537541
    -0.         -0.         -0.         -0.         -0.
    -0.         -0.         -0.         -0.         -0.
    -0.         -0.         -0.        ]
   [-0.         -0.         -0.         -0.         -0.
    -0.         -0.         -0.         -0.         -0.
    -0.0060342  -0.00017997 -0.00017997 -0.0005506  -0.0042553
    -0.         -0.         -0.         -0.         -0.
    -0.         -0.         -0.         -0.         -0.
    -0.         -0.         -0.        ]
   [-0.         -0.         -0.         -0.         -0.
    -0.         -0.         -0.         -0.         -0.
    -0.0060342  -0.00017997 -0.00080091 -0.00195798 -0.
    -0.         -0.         -0.         -0.         -0.
    -0.         -0.         -0.         -0.         -0.
    -0.         -0.         -0.        ]
   [-0.         -0.         -0.         -0.         -0.
    -0.         -0.         -0.         -0.         -0.
    -0.         -0.         -0.         -0.         -0.
    -0.         -0.         -0.         -0.         -0.
    -0.         -0.         -0.         -0.         -0.
    -0.         -0.         -0.        ]]]]
-----
grad 8: min -0.008085932582616806, max -0.0, mean -0.0004006056406069547, std 0.0014575772220268846
[[[[-0.         -0.         -0.         -0.         -0.
    -0.         -0.         -0.         -0.         -0.
    -0.         -0.         -0.         -0.         -0.
    -0.         -0.         -0.         -0.         -0.
    -0.         -0.         -0.         -0.         -0.
    -0.         -0.         -0.        ]
   [-0.         -0.         -0.         -0.         -0.
    -0.         -0.         -0.         -0.         -0.
    -0.         -0.         -0.         -0.         -0.
    -0.         -0.         -0.         -0.         -0.
    -0.         -0.         -0.         -0.         -0.
    -0.         -0.         -0.        ]
   [-0.         -0.         -0.         -0.         -0.
    -0.         -0.         -0.         -0.         -0.
    -0.         -0.         -0.         -0.         -0.
    -0.         -0.         -0.         -0.         -0.
    -0.         -0.         -0.         -0.         -0.
    -0.         -0.         -0.        ]
   [-0.         -0.         -0.         -0.         -0.
    -0.         -0.         -0.         -0.         -0.
    -0.         -0.         -0.         -0.         -0.
    -0.         -0.         -0.         -0.         -0.
    -0.         -0.         -0.         -0.         -0.
    -0.         -0.         -0.        ]
   [-0.         -0.         -0.         -0.         -0.
    -0.         -0.         -0.         -0.         -0.
    -0.         -0.         -0.         -0.         -0.
    -0.         -0.         -0.         -0.         -0.
    -0.         -0.         -0.         -0.         -0.
    -0.         -0.         -0.        ]
   [-0.         -0.         -0.         -0.         -0.
    -0.         -0.         -0.         -0.         -0.
    -0.         -0.         -0.         -0.         -0.
    -0.         -0.         -0.         -0.         -0.
    -0.         -0.         -0.         -0.         -0.
    -0.         -0.         -0.        ]
   [-0.         -0.         -0.         -0.         -0.
    -0.         -0.         -0.         -0.         -0.
    -0.         -0.         -0.         -0.         -0.
    -0.         -0.         -0.         -0.         -0.
    -0.         -0.         -0.         -0.         -0.
    -0.         -0.         -0.        ]
   [-0.         -0.         -0.         -0.         -0.
    -0.         -0.00808593 -0.0017335  -0.00342087 -0.00409434
    -0.00677546 -0.00433609 -0.         -0.         -0.
    -0.         -0.         -0.         -0.         -0.
    -0.         -0.         -0.         -0.         -0.
    -0.         -0.         -0.        ]
   [-0.         -0.         -0.         -0.         -0.
    -0.         -0.00056334 -0.00020246 -0.00020246 -0.00020246
    -0.00020246 -0.00030702 -0.00118501 -0.00118501 -0.00118501
    -0.00118501 -0.00118501 -0.00118501 -0.00118501 -0.00118501
    -0.00260703 -0.00604733 -0.         -0.         -0.
    -0.         -0.         -0.        ]
   [-0.         -0.         -0.         -0.         -0.
    -0.         -0.00731064 -0.00730667 -0.0076223  -0.00730667
    -0.00310863 -0.00048056 -0.00020246 -0.00051215 -0.00020246
    -0.00020246 -0.00020246 -0.00023009 -0.00045086 -0.00020246
    -0.00020246 -0.00509456 -0.         -0.         -0.
    -0.         -0.         -0.        ]
   [-0.         -0.         -0.         -0.         -0.
    -0.         -0.         -0.         -0.         -0.
    -0.         -0.00208126 -0.00724089 -0.00171591 -0.00731064
    -0.00731064 -0.00731064 -0.00669066 -0.00256589 -0.0003604
    -0.00020246 -0.0077693  -0.         -0.         -0.
    -0.         -0.         -0.        ]
   [-0.         -0.         -0.         -0.         -0.
    -0.         -0.         -0.         -0.         -0.
    -0.         -0.         -0.         -0.         -0.
    -0.         -0.         -0.         -0.0080639  -0.00020903
    -0.00084702 -0.00220272 -0.         -0.         -0.
    -0.         -0.         -0.        ]
   [-0.         -0.         -0.         -0.         -0.
    -0.         -0.         -0.         -0.         -0.
    -0.         -0.         -0.         -0.         -0.
    -0.         -0.         -0.00268649 -0.00039674 -0.0001961
    -0.0080639  -0.         -0.         -0.         -0.
    -0.         -0.         -0.        ]
   [-0.         -0.         -0.         -0.         -0.
    -0.         -0.         -0.         -0.         -0.
    -0.         -0.         -0.         -0.         -0.
    -0.         -0.         -0.00610652 -0.00020246 -0.00033802
    -0.00522488 -0.         -0.         -0.         -0.
    -0.         -0.         -0.        ]
   [-0.         -0.         -0.         -0.         -0.
    -0.         -0.         -0.         -0.         -0.
    -0.         -0.         -0.         -0.         -0.
    -0.         -0.00669066 -0.00023757 -0.00020246 -0.00693912
    -0.         -0.         -0.         -0.         -0.
    -0.         -0.         -0.        ]
   [-0.         -0.         -0.         -0.         -0.
    -0.         -0.         -0.         -0.         -0.
    -0.         -0.         -0.         -0.         -0.
    -0.         -0.00574356 -0.00020246 -0.00163727 -0.00061399
    -0.         -0.         -0.         -0.         -0.
    -0.         -0.         -0.        ]
   [-0.         -0.         -0.         -0.         -0.
    -0.         -0.         -0.         -0.         -0.
    -0.         -0.         -0.         -0.         -0.
    -0.00110452 -0.00095817 -0.0002453  -0.00660395 -0.
    -0.         -0.         -0.         -0.         -0.
    -0.         -0.         -0.        ]
   [-0.         -0.         -0.         -0.         -0.
    -0.         -0.         -0.         -0.         -0.
    -0.         -0.         -0.         -0.         -0.
    -0.00637072 -0.00020246 -0.0018865  -0.         -0.
    -0.         -0.         -0.         -0.         -0.
    -0.         -0.         -0.        ]
   [-0.         -0.         -0.         -0.         -0.
    -0.         -0.         -0.         -0.         -0.
    -0.         -0.         -0.         -0.         -0.00777757
    -0.00022284 -0.00031703 -0.00651541 -0.         -0.
    -0.         -0.         -0.         -0.         -0.
    -0.         -0.         -0.        ]
   [-0.         -0.         -0.         -0.         -0.
    -0.         -0.         -0.         -0.         -0.
    -0.         -0.         -0.         -0.00232399 -0.00058147
    -0.00020246 -0.00288646 -0.         -0.         -0.
    -0.         -0.         -0.         -0.         -0.
    -0.         -0.         -0.        ]
   [-0.         -0.         -0.         -0.         -0.
    -0.         -0.         -0.         -0.         -0.
    -0.         -0.         -0.00036845 -0.0010186  -0.00020246
    -0.00061942 -0.00422153 -0.         -0.         -0.
    -0.         -0.         -0.         -0.         -0.
    -0.         -0.         -0.        ]
   [-0.         -0.         -0.         -0.         -0.
    -0.         -0.         -0.         -0.         -0.
    -0.         -0.         -0.00456316 -0.00020246 -0.00020246
    -0.007867   -0.         -0.         -0.         -0.
    -0.         -0.         -0.         -0.         -0.
    -0.         -0.         -0.        ]
   [-0.         -0.         -0.         -0.         -0.
    -0.         -0.         -0.         -0.         -0.
    -0.         -0.00375729 -0.0005287  -0.00020246 -0.00723839
    -0.00012283 -0.         -0.         -0.         -0.
    -0.         -0.         -0.         -0.         -0.
    -0.         -0.         -0.        ]
   [-0.         -0.         -0.         -0.         -0.
    -0.         -0.         -0.         -0.         -0.
    -0.         -0.00574356 -0.00020246 -0.00020246 -0.00604733
    -0.         -0.         -0.         -0.         -0.
    -0.         -0.         -0.         -0.         -0.
    -0.         -0.         -0.        ]
   [-0.         -0.         -0.         -0.         -0.
    -0.         -0.         -0.         -0.         -0.
    -0.00685831 -0.00029733 -0.00020246 -0.00020246 -0.00604733
    -0.         -0.         -0.         -0.         -0.
    -0.         -0.         -0.         -0.         -0.
    -0.         -0.         -0.        ]
   [-0.         -0.         -0.         -0.         -0.
    -0.         -0.         -0.         -0.         -0.
    -0.00678847 -0.00020246 -0.00020246 -0.00061942 -0.00478722
    -0.         -0.         -0.         -0.         -0.
    -0.         -0.         -0.         -0.         -0.
    -0.         -0.         -0.        ]
   [-0.         -0.         -0.         -0.         -0.
    -0.         -0.         -0.         -0.         -0.
    -0.00678847 -0.00020246 -0.00090102 -0.00220272 -0.
    -0.         -0.         -0.         -0.         -0.
    -0.         -0.         -0.         -0.         -0.
    -0.         -0.         -0.        ]
   [-0.         -0.         -0.         -0.         -0.
    -0.         -0.         -0.         -0.         -0.
    -0.         -0.         -0.         -0.         -0.
    -0.         -0.         -0.         -0.         -0.
    -0.         -0.         -0.         -0.         -0.
    -0.         -0.         -0.        ]]]]
-----
grad 9: min -0.008984369225800037, max -0.0, mean -0.0004451173881534487, std 0.0016195300268009305
[[[[-0.         -0.         -0.         -0.         -0.
    -0.         -0.         -0.         -0.         -0.
    -0.         -0.         -0.         -0.         -0.
    -0.         -0.         -0.         -0.         -0.
    -0.         -0.         -0.         -0.         -0.
    -0.         -0.         -0.        ]
   [-0.         -0.         -0.         -0.         -0.
    -0.         -0.         -0.         -0.         -0.
    -0.         -0.         -0.         -0.         -0.
    -0.         -0.         -0.         -0.         -0.
    -0.         -0.         -0.         -0.         -0.
    -0.         -0.         -0.        ]
   [-0.         -0.         -0.         -0.         -0.
    -0.         -0.         -0.         -0.         -0.
    -0.         -0.         -0.         -0.         -0.
    -0.         -0.         -0.         -0.         -0.
    -0.         -0.         -0.         -0.         -0.
    -0.         -0.         -0.        ]
   [-0.         -0.         -0.         -0.         -0.
    -0.         -0.         -0.         -0.         -0.
    -0.         -0.         -0.         -0.         -0.
    -0.         -0.         -0.         -0.         -0.
    -0.         -0.         -0.         -0.         -0.
    -0.         -0.         -0.        ]
   [-0.         -0.         -0.         -0.         -0.
    -0.         -0.         -0.         -0.         -0.
    -0.         -0.         -0.         -0.         -0.
    -0.         -0.         -0.         -0.         -0.
    -0.         -0.         -0.         -0.         -0.
    -0.         -0.         -0.        ]
   [-0.         -0.         -0.         -0.         -0.
    -0.         -0.         -0.         -0.         -0.
    -0.         -0.         -0.         -0.         -0.
    -0.         -0.         -0.         -0.         -0.
    -0.         -0.         -0.         -0.         -0.
    -0.         -0.         -0.        ]
   [-0.         -0.         -0.         -0.         -0.
    -0.         -0.         -0.         -0.         -0.
    -0.         -0.         -0.         -0.         -0.
    -0.         -0.         -0.         -0.         -0.
    -0.         -0.         -0.         -0.         -0.
    -0.         -0.         -0.        ]
   [-0.         -0.         -0.         -0.         -0.
    -0.         -0.00898437 -0.00192611 -0.00380097 -0.00454927
    -0.00752829 -0.00481788 -0.         -0.         -0.
    -0.         -0.         -0.         -0.         -0.
    -0.         -0.         -0.         -0.         -0.
    -0.         -0.         -0.        ]
   [-0.         -0.         -0.         -0.         -0.
    -0.         -0.00062594 -0.00022496 -0.00022496 -0.00022496
    -0.00022496 -0.00034113 -0.00131667 -0.00131667 -0.00131667
    -0.00131667 -0.00131667 -0.00131667 -0.00131667 -0.00131667
    -0.0028967  -0.00671926 -0.         -0.         -0.
    -0.         -0.         -0.        ]
   [-0.         -0.         -0.         -0.         -0.
    -0.         -0.00812294 -0.00811852 -0.00846922 -0.00811852
    -0.00345403 -0.00053395 -0.00022496 -0.00056906 -0.00022496
    -0.00022496 -0.00022496 -0.00025565 -0.00050095 -0.00022496
    -0.00022496 -0.00566062 -0.         -0.         -0.
    -0.         -0.         -0.        ]
   [-0.         -0.         -0.         -0.         -0.
    -0.         -0.         -0.         -0.         -0.
    -0.         -0.00231252 -0.00804543 -0.00190657 -0.00812294
    -0.00812294 -0.00812294 -0.00743406 -0.00285099 -0.00040045
    -0.00022496 -0.00863255 -0.         -0.         -0.
    -0.         -0.         -0.        ]
   [-0.         -0.         -0.         -0.         -0.
    -0.         -0.         -0.         -0.         -0.
    -0.         -0.         -0.         -0.         -0.
    -0.         -0.         -0.         -0.00895989 -0.00023226
    -0.00094114 -0.00244747 -0.         -0.         -0.
    -0.         -0.         -0.        ]
   [-0.         -0.         -0.         -0.         -0.
    -0.         -0.         -0.         -0.         -0.
    -0.         -0.         -0.         -0.         -0.
    -0.         -0.         -0.00298499 -0.00044083 -0.00021789
    -0.00895989 -0.         -0.         -0.         -0.
    -0.         -0.         -0.        ]
   [-0.         -0.         -0.         -0.         -0.
    -0.         -0.         -0.         -0.         -0.
    -0.         -0.         -0.         -0.         -0.
    -0.         -0.         -0.00678502 -0.00022496 -0.00037558
    -0.00580542 -0.         -0.         -0.         -0.
    -0.         -0.         -0.        ]
   [-0.         -0.         -0.         -0.         -0.
    -0.         -0.         -0.         -0.         -0.
    -0.         -0.         -0.         -0.         -0.
    -0.         -0.00743406 -0.00026397 -0.00022496 -0.00771014
    -0.         -0.         -0.         -0.         -0.
    -0.         -0.         -0.        ]
   [-0.         -0.         -0.         -0.         -0.
    -0.         -0.         -0.         -0.         -0.
    -0.         -0.         -0.         -0.         -0.
    -0.         -0.00638173 -0.00022496 -0.00181919 -0.00068221
    -0.         -0.         -0.         -0.         -0.
    -0.         -0.         -0.        ]
   [-0.         -0.         -0.         -0.         -0.
    -0.         -0.         -0.         -0.         -0.
    -0.         -0.         -0.         -0.         -0.
    -0.00122724 -0.00106464 -0.00027256 -0.00733773 -0.
    -0.         -0.         -0.         -0.         -0.
    -0.         -0.         -0.        ]
   [-0.         -0.         -0.         -0.         -0.
    -0.         -0.         -0.         -0.         -0.
    -0.         -0.         -0.         -0.         -0.
    -0.00707858 -0.00022496 -0.00209612 -0.         -0.
    -0.         -0.         -0.         -0.         -0.
    -0.         -0.         -0.        ]
   [-0.         -0.         -0.         -0.         -0.
    -0.         -0.         -0.         -0.         -0.
    -0.         -0.         -0.         -0.         -0.00864175
    -0.0002476  -0.00035225 -0.00723935 -0.         -0.
    -0.         -0.         -0.         -0.         -0.
    -0.         -0.         -0.        ]
   [-0.         -0.         -0.         -0.         -0.
    -0.         -0.         -0.         -0.         -0.
    -0.         -0.         -0.         -0.00258221 -0.00064608
    -0.00022496 -0.00320718 -0.         -0.         -0.
    -0.         -0.         -0.         -0.         -0.
    -0.         -0.         -0.        ]
   [-0.         -0.         -0.         -0.         -0.
    -0.         -0.         -0.         -0.         -0.
    -0.         -0.         -0.00040939 -0.00113178 -0.00022496
    -0.00068825 -0.00469058 -0.         -0.         -0.
    -0.         -0.         -0.         -0.         -0.
    -0.         -0.         -0.        ]
   [-0.         -0.         -0.         -0.         -0.
    -0.         -0.         -0.         -0.         -0.
    -0.         -0.         -0.00507018 -0.00022496 -0.00022496
    -0.00874112 -0.         -0.         -0.         -0.
    -0.         -0.         -0.         -0.         -0.
    -0.         -0.         -0.        ]
   [-0.         -0.         -0.         -0.         -0.
    -0.         -0.         -0.         -0.         -0.
    -0.         -0.00417477 -0.00058744 -0.00022496 -0.00804265
    -0.00013648 -0.         -0.         -0.         -0.
    -0.         -0.         -0.         -0.         -0.
    -0.         -0.         -0.        ]
   [-0.         -0.         -0.         -0.         -0.
    -0.         -0.         -0.         -0.         -0.
    -0.         -0.00638173 -0.00022496 -0.00022496 -0.00671926
    -0.         -0.         -0.         -0.         -0.
    -0.         -0.         -0.         -0.         -0.
    -0.         -0.         -0.        ]
   [-0.         -0.         -0.         -0.         -0.
    -0.         -0.         -0.         -0.         -0.
    -0.00762034 -0.00033037 -0.00022496 -0.00022496 -0.00671926
    -0.         -0.         -0.         -0.         -0.
    -0.         -0.         -0.         -0.         -0.
    -0.         -0.         -0.        ]
   [-0.         -0.         -0.         -0.         -0.
    -0.         -0.         -0.         -0.         -0.
    -0.00754274 -0.00022496 -0.00022496 -0.00068825 -0.00531913
    -0.         -0.         -0.         -0.         -0.
    -0.         -0.         -0.         -0.         -0.
    -0.         -0.         -0.        ]
   [-0.         -0.         -0.         -0.         -0.
    -0.         -0.         -0.         -0.         -0.
    -0.00754274 -0.00022496 -0.00100114 -0.00244747 -0.
    -0.         -0.         -0.         -0.         -0.
    -0.         -0.         -0.         -0.         -0.
    -0.         -0.         -0.        ]
   [-0.         -0.         -0.         -0.         -0.
    -0.         -0.         -0.         -0.         -0.
    -0.         -0.         -0.         -0.         -0.
    -0.         -0.         -0.         -0.         -0.
    -0.         -0.         -0.         -0.         -0.
    -0.         -0.         -0.        ]]]]
-----
END
