RUN
grad 0: min -0.002028348855674267, max 0.0022175575140863657, mean -2.5530156563036144e-05, std 0.00046447868226096034
[[[[-3.98106567e-06  1.42307090e-05  2.48128472e-05 -1.41998011e-04
     1.16619242e-06  7.32414628e-05  2.52085283e-05  1.41570432e-04
    -1.36646573e-04  1.12484558e-04  3.38573700e-05  1.19306009e-04
    -1.73566790e-04  1.45506692e-05 -3.12898228e-05 -7.33264387e-05
     2.11154300e-04  8.08188415e-05 -7.09596789e-05 -1.28302869e-04
    -2.11151801e-05 -1.40158983e-04 -1.77995375e-04  4.44790021e-05
    -3.95064671e-05  3.49458060e-05  5.53697100e-05 -6.62074626e-06]
   [ 1.14382392e-05 -5.58151842e-05  8.94528494e-05 -2.03997188e-05
     3.73738835e-08  1.15115559e-04 -3.42362705e-06 -9.67862979e-06
    -2.95790924e-05  1.59720701e-04 -2.12845916e-04  1.23177422e-04
    -1.76773494e-04 -1.08061009e-04  1.50591688e-06  1.74377899e-04
    -2.97864995e-06 -9.70217661e-05 -3.71067203e-04 -6.28017224e-05
    -1.66391023e-04  1.51072280e-04  2.23195311e-04  6.22627558e-05
    -1.44691840e-05  1.45862956e-04 -1.24285696e-04  1.87237565e-05]
   [-1.40576358e-05 -1.03283055e-05 -8.70620133e-05 -1.54950380e-04
     1.80149160e-04 -2.83641966e-05 -5.95794481e-05  2.84024602e-04
    -4.42727287e-05  3.26868932e-04  1.25632941e-04  4.13035705e-05
    -4.41797252e-04  3.62945750e-04  1.55749411e-04  3.08818417e-05
    -1.60952637e-04 -2.81047833e-05 -4.60686220e-04  3.22423963e-04
    -3.37503938e-04 -1.41965298e-04  2.08190366e-04  1.05252730e-04
    -4.35671449e-04  3.48475041e-05 -1.60715917e-05  1.77531947e-05]
   [ 1.71705540e-06 -2.35051572e-04  1.91338331e-04  2.74218201e-06
     1.61289470e-04  1.85488898e-05 -1.97711444e-04  4.24678205e-04
    -6.59405312e-04 -3.69347072e-05 -1.45018901e-04 -4.16254363e-04
     6.07020484e-05  1.90788312e-04 -6.42888263e-05  4.66786005e-05
     3.16151069e-04  2.35504544e-04 -5.45163988e-04 -1.56199894e-04
     3.34173965e-04 -2.16812070e-04 -8.84350884e-05  4.77877096e-04
     2.34215258e-05 -3.74796582e-05  3.06527130e-04 -7.65019140e-05]
   [ 5.61215711e-05  1.42442659e-04 -1.82304837e-04 -6.40783983e-04
    -1.06437430e-04  2.50873854e-04 -7.78695976e-04 -1.52863722e-04
    -1.55613860e-04  5.69471275e-04 -3.18949111e-04  9.60684905e-04
    -7.93345738e-04  1.62164652e-04 -1.15853921e-03  1.06386047e-04
    -8.33838058e-05  7.41728174e-04  3.40012426e-04  3.22988890e-05
     1.60241022e-03 -3.15221077e-05  3.38065845e-04  7.09337692e-05
    -2.81996938e-04 -1.51220476e-04 -6.52148674e-06  9.36081269e-05]
   [ 7.49479368e-05 -2.25297830e-04 -1.47198647e-04 -1.92269305e-04
    -4.23814345e-04  3.96924239e-04 -5.22396236e-04  5.19509369e-04
     4.15323157e-04  6.61560698e-05  1.03835388e-04  5.43021946e-04
     3.22296604e-04  1.27764128e-04 -4.46745835e-04  1.83880446e-04
     1.00373836e-04  7.74437445e-04  3.84254701e-04  8.10723926e-04
    -1.21478033e-05 -8.90164694e-04 -4.77337715e-04 -1.71409396e-04
     3.66515014e-04  3.13617435e-04 -3.72250041e-04  2.27520413e-05]
   [-1.39959811e-04 -4.54016918e-05 -3.13141965e-04  4.07077605e-04
    -9.00299870e-04  2.97373830e-04 -9.30235256e-04 -1.97860936e-04
     1.13605533e-03 -2.50870246e-04  1.01886690e-03  1.14215130e-04
    -1.40926254e-03 -5.96072292e-04 -1.08806905e-03 -5.27294877e-04
     6.05770074e-05 -4.29116044e-04 -2.24871212e-04  5.11038292e-04
     1.03574083e-03 -1.01801730e-03  8.21859227e-04 -5.20772628e-05
    -5.56327461e-04  1.25959705e-04  5.30079815e-05 -5.10123718e-05]
   [-1.65113684e-04  1.64662270e-04 -1.60013442e-04  5.90883137e-04
     1.70913961e-04  4.98266163e-05  7.11589470e-04  8.62054294e-04
     7.20428070e-04  3.88998189e-04 -3.12501681e-04 -2.24504358e-04
     1.02849735e-04  3.10794450e-04 -1.77973023e-04 -1.81922561e-03
    -9.24619671e-04 -6.65921034e-05  7.61391013e-04 -2.12038271e-04
     3.76882148e-04 -1.00928021e-03  9.25338943e-04  4.54751571e-04
    -3.37991049e-04  6.82639002e-05  6.37510384e-05 -7.42424672e-05]
   [-2.10348098e-05 -2.22842224e-04 -4.56264970e-04  2.65317558e-05
    -1.61748903e-04  3.06376314e-04 -3.18961887e-04 -4.47023456e-04
    -9.68751192e-05 -1.34858803e-03  8.17927648e-04  5.69298049e-04
    -6.89859269e-04 -7.17573042e-04 -7.68713886e-04  1.71207648e-04
    -4.55970876e-04  8.61469365e-04 -1.56903043e-04 -7.08528678e-04
     6.29447110e-04  7.22358600e-05 -3.33740812e-04 -3.77645134e-04
     4.30016335e-05  1.32472676e-04  1.35680355e-04  9.95930895e-05]
   [-8.28809862e-05  5.70775701e-05 -7.83352789e-06  6.98928081e-04
    -6.47063061e-05  7.69675709e-04  4.72856482e-04 -7.84644333e-04
     3.03458510e-04  3.47089925e-04  9.90996137e-04  7.16846960e-04
    -1.67358154e-03 -3.53068637e-04 -2.54190876e-04  2.13258958e-04
     4.49872052e-04  6.93569134e-04  4.92503808e-04 -1.28745945e-04
     9.92212095e-04 -1.23371149e-03  5.60822773e-05 -5.61403984e-04
    -4.27966530e-04  1.55728878e-04 -1.36106071e-04 -1.39230571e-04]
   [ 1.32557441e-04 -6.80698577e-05  9.90645844e-04  5.06733777e-04
    -6.69628324e-04 -5.67184121e-04 -3.72549286e-04  3.60993989e-04
     5.96421654e-04  1.75461770e-04 -7.85175071e-04 -1.28506776e-03
    -8.92517914e-04  6.87187479e-04 -1.22583564e-03 -1.60988682e-04
    -2.02834886e-03  3.96520045e-04 -6.95200753e-04 -8.45973918e-05
     5.58311178e-04 -8.40933179e-04 -3.24027729e-04 -5.38454507e-04
     2.62853369e-04 -9.13901295e-06 -3.79708101e-04  1.23121412e-04]
   [ 4.36787968e-06  6.31637158e-05  1.40179778e-04  8.26153846e-05
    -4.60053270e-05 -2.06766359e-04  4.48033825e-04  5.02964191e-04
    -4.27224295e-04 -3.28198279e-04 -1.39227141e-05 -2.31597543e-04
    -7.33131252e-04  2.77827028e-04 -6.79397781e-04 -1.26869243e-04
    -6.78315351e-04  5.52113808e-04 -4.95551831e-05  1.38656260e-03
     1.68802275e-03 -4.64290388e-05  5.94415178e-04 -3.10631061e-04
    -2.93751829e-04 -1.19675475e-04  4.41758966e-05 -1.23512273e-05]
   [-3.73558905e-05  1.64569385e-04  5.73087833e-04 -1.48690495e-04
     1.71491425e-04 -3.19719140e-04  1.24965585e-03 -8.31624784e-04
     2.84055513e-05 -2.09874939e-04  1.48041421e-04  1.11314803e-04
    -6.38389902e-04  6.24459819e-04  7.14590497e-05  6.16115040e-06
    -6.74762239e-04  3.79977399e-04 -1.83047261e-04  5.91997668e-05
     1.16730691e-03 -8.47208779e-04  3.14078265e-04  1.20607110e-05
    -8.49668111e-04  1.87849422e-04  1.31304216e-04  9.48066918e-06]
   [ 1.25152888e-04 -4.64584309e-06 -3.01659693e-05  5.07078257e-05
    -1.40996359e-04 -2.74306105e-04  4.01691970e-04  1.77273061e-04
    -8.83717148e-04  2.50731682e-04  3.85776977e-04  8.22690083e-04
    -5.13247389e-04  3.06431873e-04 -8.33010767e-04 -2.21081733e-04
    -3.15427431e-04 -9.53129376e-04 -5.61289780e-04 -1.15320913e-03
     5.65856999e-06 -2.57296546e-04 -4.19012416e-04 -3.18659411e-04
    -9.62901977e-05  7.14316207e-04 -1.39003649e-04 -3.87197033e-05]
   [ 1.00089579e-04  4.70204614e-05 -1.25944571e-04 -3.72498253e-05
     5.21278474e-04  3.38236314e-05  6.82577083e-04 -2.96383805e-04
     3.56623670e-04 -3.92795133e-04  7.95714950e-05  1.97061570e-04
    -1.19796314e-03 -1.44799444e-04  4.63185599e-04  2.85476766e-04
     1.09720684e-04 -1.57600676e-04 -2.42997645e-04 -6.64877007e-04
     3.96752876e-04 -1.83923534e-04 -4.01236670e-04 -4.99674003e-04
     1.03944956e-04 -3.77221353e-04  2.10910381e-04 -1.20874203e-04]
   [ 1.03439117e-04 -9.64025967e-05  3.01545369e-04  5.09341946e-04
     6.08908536e-04 -7.38968898e-04 -5.30781574e-04 -7.56629568e-04
     5.61623427e-04 -1.18580740e-03 -4.13878704e-04  2.70436838e-04
    -6.00264524e-04  3.27804766e-04 -2.01998767e-03  5.47138916e-04
    -1.96453941e-04  5.11882317e-05 -1.28365506e-03 -4.17649717e-04
    -6.72359456e-05 -1.20308972e-03  8.37326923e-04  2.98207335e-04
    -4.93615771e-05  4.14096372e-04  6.11332362e-05  2.06455908e-04]
   [-1.66178623e-04 -9.29329763e-05  3.30110604e-04  1.00545592e-04
     2.49841396e-04 -8.73089826e-04  2.07182413e-04 -5.59720029e-05
    -5.48821699e-04 -4.62794887e-05 -2.95513775e-04  1.86482037e-03
    -5.73304773e-04  5.21657581e-04 -3.85680236e-04 -2.23893076e-04
     1.72612214e-04 -3.70822556e-04  4.56976180e-04  4.68185826e-05
     6.83707985e-05  1.25120278e-04  3.53606047e-05 -1.75451096e-05
    -5.47818272e-05  5.59999782e-04  2.50445679e-04  8.27203439e-06]
   [ 2.29130412e-04 -1.49778934e-04  6.40376587e-04  2.22349074e-04
    -1.15079645e-04 -1.87304715e-04 -7.15218412e-05  1.37919924e-04
    -3.25938105e-04  1.23861479e-04 -1.01806398e-03 -1.14267714e-04
    -1.30448549e-03  5.92951488e-04 -7.47556624e-04  5.49394579e-04
    -9.16122517e-04 -2.41891597e-04 -1.33822835e-03  7.00880541e-04
    -5.59782435e-04 -3.93632101e-04  1.16369505e-04 -1.16627896e-03
     6.68595545e-04  2.62982998e-04 -2.11949402e-04 -1.02223014e-04]
   [-6.41117231e-06 -2.01363218e-04 -2.31734986e-04 -7.18021241e-04
    -7.36170987e-05 -2.18604691e-04  3.25369969e-04 -4.43615543e-04
     3.98476433e-04 -6.13910786e-04 -2.40074049e-04  2.48061988e-04
    -8.54030310e-04  2.21755751e-03 -9.51157650e-04 -3.94445378e-04
    -1.20035649e-04 -7.80902046e-04 -3.38933809e-04 -5.61669185e-05
    -7.27863342e-04  3.29895083e-05  4.00111516e-04  2.45304604e-04
    -1.79379975e-04 -3.45479784e-04 -1.81516123e-04 -3.31505507e-05]
   [-9.63874481e-05 -1.43232319e-04  1.83704804e-04 -5.22702503e-05
     6.49614434e-04 -2.60503963e-04  4.25226521e-04 -4.84798278e-04
     7.92476203e-05  1.46343373e-04 -3.43135835e-05 -4.62388089e-05
     6.37089077e-04  4.09059488e-04 -1.43357459e-03  4.82912321e-04
     8.43460148e-04  3.67878674e-04 -3.94694420e-04 -1.04203925e-03
    -5.74098784e-04 -1.60832540e-04 -2.56538042e-04 -6.87750231e-04
     1.99260277e-04 -6.55822165e-04  8.95731791e-05  1.44050922e-04]
   [ 1.53294313e-04  2.47880998e-05 -2.00352806e-04  2.89144315e-04
     9.99404510e-05 -4.07050393e-04  4.51051630e-04 -3.00407759e-04
     2.90130818e-04 -4.13102214e-04 -7.24354410e-04  5.12684346e-04
     5.19486202e-04  1.91592437e-04 -9.10758245e-05 -2.27717264e-05
     8.81569460e-04 -4.69638937e-04 -6.22261781e-04  8.09448713e-04
    -2.06542129e-04 -2.58044573e-04  1.86804809e-05 -4.05895495e-04
     8.38734850e-05 -2.46132287e-04 -2.24076459e-04  1.68257058e-04]
   [-2.49838602e-04 -8.34805032e-05  1.93685875e-04  5.03687188e-04
     3.92537768e-04 -3.95171723e-04  3.22798995e-04 -7.85918033e-04
    -3.22398235e-04 -2.92976794e-04  4.67359117e-04 -3.83839244e-04
     8.76326580e-04 -1.15548955e-05 -4.26783576e-04 -1.65972044e-04
    -1.03386832e-04  1.01963838e-03  3.35215067e-04 -8.94161465e-04
     4.00188670e-04 -1.87562022e-04  8.00668611e-04 -1.45490339e-04
     1.30703513e-04  3.65584798e-04 -5.56537780e-05  4.20244623e-06]
   [ 9.06903224e-05  3.58098732e-05 -3.84677318e-04  3.21336614e-04
     2.37637054e-04  1.60223062e-04  4.36759547e-05 -3.76932352e-04
    -6.93288530e-05  1.88427555e-04 -5.41948364e-04 -1.40556600e-04
     1.09289547e-04 -1.10164372e-04  9.16931953e-04  1.23075000e-03
    -2.53484817e-04  7.42083183e-04 -6.72785915e-04 -1.09865912e-03
     1.56147289e-04  5.73113328e-04  6.68591994e-04 -5.74101054e-04
     2.87150149e-04  7.96479508e-05 -9.03767068e-05  2.61092573e-05]
   [-2.31272279e-04 -4.55071131e-05  2.66354109e-05  3.65495187e-04
     2.26756267e-04 -3.03680106e-04  2.54270853e-04  2.68188131e-04
     8.25029638e-05  8.70054530e-04 -2.85768969e-04 -3.76229611e-04
    -3.96743853e-04 -4.14733746e-04 -4.59318362e-05  4.12876747e-04
     2.85325543e-04  2.44815426e-04  2.84301961e-04 -1.04080944e-04
     2.91592005e-04 -3.38027050e-04  2.57011910e-04 -1.40096934e-04
     3.61521408e-04 -2.40796726e-04 -5.33011989e-05  1.13460468e-04]
   [ 1.59059025e-04  1.62813943e-04 -2.95757491e-04  3.65229107e-06
    -1.18428230e-04 -2.89851276e-04  4.84255783e-04  6.02969203e-06
    -5.84253467e-05  2.79138534e-04 -2.32069578e-04 -4.21055418e-04
    -2.54948449e-04  7.78340560e-04 -7.93280022e-04  3.99041659e-04
    -3.10569631e-05  2.99539621e-04 -1.74755376e-04  3.59156955e-04
     2.79617198e-05 -2.53171078e-04 -2.52581754e-04  2.20966234e-04
    -1.50277974e-05  1.31013867e-05  9.95992959e-05 -3.44962682e-05]
   [-8.26303221e-05 -8.39639961e-06 -6.39519203e-05  2.09942649e-04
    -6.65431580e-05 -4.02162754e-04  4.60526033e-04  3.61678016e-04
     2.62976682e-04  4.06934778e-05 -1.70967280e-04  4.72632179e-04
    -2.31079548e-06  3.13243072e-05 -3.00724205e-04 -4.67716425e-04
    -2.90331402e-04 -1.05899599e-04  6.16317906e-04 -7.32688786e-05
    -1.91570609e-04 -3.42583604e-04 -9.01929088e-05  1.19049560e-04
    -1.40313015e-04 -1.43369878e-04  6.25896209e-05  0.00000000e+00]
   [ 9.51222755e-05  6.60435835e-05 -1.78507646e-04  8.70060685e-05
    -7.55570290e-05 -6.83083781e-05  2.17239663e-04  8.25726966e-05
     6.05223613e-05  1.19160984e-04 -1.42049001e-04  2.54578714e-04
     2.01320057e-04 -4.92910855e-04 -8.79504441e-05 -7.85512748e-05
     3.48392932e-04 -1.47995350e-04 -1.23043123e-04  4.05131083e-04
    -6.92715548e-05 -2.32994920e-04  9.58826495e-05 -3.37872552e-05
     5.16492837e-05 -9.37528748e-05  9.85908173e-07  0.00000000e+00]
   [ 0.00000000e+00  0.00000000e+00  1.17870513e-05  4.57631395e-05
    -1.12582065e-05 -2.56005987e-05  8.82323875e-05  6.06844769e-05
    -1.53653800e-05 -4.01054131e-05 -3.99898163e-05 -6.07501024e-05
     6.78232391e-05 -4.62145763e-05  2.12000941e-05 -1.14489121e-05
     1.05366686e-04  2.55924766e-04 -1.05973289e-04 -5.93224977e-05
     8.08304903e-05  4.16028670e-05  2.01963194e-04 -4.94985761e-05
    -6.77381395e-05  6.93545953e-05  0.00000000e+00  0.00000000e+00]]]]
-----
grad 1: min -0.002028348855674267, max 0.0022175575140863657, mean -2.5530156563036144e-05, std 0.00046447868226096034
[[[[-3.98106567e-06  1.42307090e-05  2.48128472e-05 -1.41998011e-04
     1.16619242e-06  7.32414628e-05  2.52085283e-05  1.41570432e-04
    -1.36646573e-04  1.12484558e-04  3.38573700e-05  1.19306009e-04
    -1.73566790e-04  1.45506692e-05 -3.12898228e-05 -7.33264387e-05
     2.11154300e-04  8.08188415e-05 -7.09596789e-05 -1.28302869e-04
    -2.11151801e-05 -1.40158983e-04 -1.77995375e-04  4.44790021e-05
    -3.95064671e-05  3.49458060e-05  5.53697100e-05 -6.62074626e-06]
   [ 1.14382392e-05 -5.58151842e-05  8.94528494e-05 -2.03997188e-05
     3.73738835e-08  1.15115559e-04 -3.42362705e-06 -9.67862979e-06
    -2.95790924e-05  1.59720701e-04 -2.12845916e-04  1.23177422e-04
    -1.76773494e-04 -1.08061009e-04  1.50591688e-06  1.74377899e-04
    -2.97864995e-06 -9.70217661e-05 -3.71067203e-04 -6.28017224e-05
    -1.66391023e-04  1.51072280e-04  2.23195311e-04  6.22627558e-05
    -1.44691840e-05  1.45862956e-04 -1.24285696e-04  1.87237565e-05]
   [-1.40576358e-05 -1.03283055e-05 -8.70620133e-05 -1.54950380e-04
     1.80149160e-04 -2.83641966e-05 -5.95794481e-05  2.84024602e-04
    -4.42727287e-05  3.26868932e-04  1.25632941e-04  4.13035705e-05
    -4.41797252e-04  3.62945750e-04  1.55749411e-04  3.08818417e-05
    -1.60952637e-04 -2.81047833e-05 -4.60686220e-04  3.22423963e-04
    -3.37503938e-04 -1.41965298e-04  2.08190366e-04  1.05252730e-04
    -4.35671449e-04  3.48475041e-05 -1.60715917e-05  1.77531947e-05]
   [ 1.71705540e-06 -2.35051572e-04  1.91338331e-04  2.74218201e-06
     1.61289470e-04  1.85488898e-05 -1.97711444e-04  4.24678205e-04
    -6.59405312e-04 -3.69347072e-05 -1.45018901e-04 -4.16254363e-04
     6.07020484e-05  1.90788312e-04 -6.42888263e-05  4.66786005e-05
     3.16151069e-04  2.35504544e-04 -5.45163988e-04 -1.56199894e-04
     3.34173965e-04 -2.16812070e-04 -8.84350884e-05  4.77877096e-04
     2.34215258e-05 -3.74796582e-05  3.06527130e-04 -7.65019140e-05]
   [ 5.61215711e-05  1.42442659e-04 -1.82304837e-04 -6.40783983e-04
    -1.06437430e-04  2.50873854e-04 -7.78695976e-04 -1.52863722e-04
    -1.55613860e-04  5.69471275e-04 -3.18949111e-04  9.60684905e-04
    -7.93345738e-04  1.62164652e-04 -1.15853921e-03  1.06386047e-04
    -8.33838058e-05  7.41728174e-04  3.40012426e-04  3.22988890e-05
     1.60241022e-03 -3.15221077e-05  3.38065845e-04  7.09337692e-05
    -2.81996938e-04 -1.51220476e-04 -6.52148674e-06  9.36081269e-05]
   [ 7.49479368e-05 -2.25297830e-04 -1.47198647e-04 -1.92269305e-04
    -4.23814345e-04  3.96924239e-04 -5.22396236e-04  5.19509369e-04
     4.15323157e-04  6.61560698e-05  1.03835388e-04  5.43021946e-04
     3.22296604e-04  1.27764128e-04 -4.46745835e-04  1.83880446e-04
     1.00373836e-04  7.74437445e-04  3.84254701e-04  8.10723926e-04
    -1.21478033e-05 -8.90164694e-04 -4.77337715e-04 -1.71409396e-04
     3.66515014e-04  3.13617435e-04 -3.72250041e-04  2.27520413e-05]
   [-1.39959811e-04 -4.54016918e-05 -3.13141965e-04  4.07077605e-04
    -9.00299870e-04  2.97373830e-04 -9.30235256e-04 -1.97860936e-04
     1.13605533e-03 -2.50870246e-04  1.01886690e-03  1.14215130e-04
    -1.40926254e-03 -5.96072292e-04 -1.08806905e-03 -5.27294877e-04
     6.05770074e-05 -4.29116044e-04 -2.24871212e-04  5.11038292e-04
     1.03574083e-03 -1.01801730e-03  8.21859227e-04 -5.20772628e-05
    -5.56327461e-04  1.25959705e-04  5.30079815e-05 -5.10123718e-05]
   [-1.65113684e-04  1.64662270e-04 -1.60013442e-04  5.90883137e-04
     1.70913961e-04  4.98266163e-05  7.11589470e-04  8.62054294e-04
     7.20428070e-04  3.88998189e-04 -3.12501681e-04 -2.24504358e-04
     1.02849735e-04  3.10794450e-04 -1.77973023e-04 -1.81922561e-03
    -9.24619671e-04 -6.65921034e-05  7.61391013e-04 -2.12038271e-04
     3.76882148e-04 -1.00928021e-03  9.25338943e-04  4.54751571e-04
    -3.37991049e-04  6.82639002e-05  6.37510384e-05 -7.42424672e-05]
   [-2.10348098e-05 -2.22842224e-04 -4.56264970e-04  2.65317558e-05
    -1.61748903e-04  3.06376314e-04 -3.18961887e-04 -4.47023456e-04
    -9.68751192e-05 -1.34858803e-03  8.17927648e-04  5.69298049e-04
    -6.89859269e-04 -7.17573042e-04 -7.68713886e-04  1.71207648e-04
    -4.55970876e-04  8.61469365e-04 -1.56903043e-04 -7.08528678e-04
     6.29447110e-04  7.22358600e-05 -3.33740812e-04 -3.77645134e-04
     4.30016335e-05  1.32472676e-04  1.35680355e-04  9.95930895e-05]
   [-8.28809862e-05  5.70775701e-05 -7.83352789e-06  6.98928081e-04
    -6.47063061e-05  7.69675709e-04  4.72856482e-04 -7.84644333e-04
     3.03458510e-04  3.47089925e-04  9.90996137e-04  7.16846960e-04
    -1.67358154e-03 -3.53068637e-04 -2.54190876e-04  2.13258958e-04
     4.49872052e-04  6.93569134e-04  4.92503808e-04 -1.28745945e-04
     9.92212095e-04 -1.23371149e-03  5.60822773e-05 -5.61403984e-04
    -4.27966530e-04  1.55728878e-04 -1.36106071e-04 -1.39230571e-04]
   [ 1.32557441e-04 -6.80698577e-05  9.90645844e-04  5.06733777e-04
    -6.69628324e-04 -5.67184121e-04 -3.72549286e-04  3.60993989e-04
     5.96421654e-04  1.75461770e-04 -7.85175071e-04 -1.28506776e-03
    -8.92517914e-04  6.87187479e-04 -1.22583564e-03 -1.60988682e-04
    -2.02834886e-03  3.96520045e-04 -6.95200753e-04 -8.45973918e-05
     5.58311178e-04 -8.40933179e-04 -3.24027729e-04 -5.38454507e-04
     2.62853369e-04 -9.13901295e-06 -3.79708101e-04  1.23121412e-04]
   [ 4.36787968e-06  6.31637158e-05  1.40179778e-04  8.26153846e-05
    -4.60053270e-05 -2.06766359e-04  4.48033825e-04  5.02964191e-04
    -4.27224295e-04 -3.28198279e-04 -1.39227141e-05 -2.31597543e-04
    -7.33131252e-04  2.77827028e-04 -6.79397781e-04 -1.26869243e-04
    -6.78315351e-04  5.52113808e-04 -4.95551831e-05  1.38656260e-03
     1.68802275e-03 -4.64290388e-05  5.94415178e-04 -3.10631061e-04
    -2.93751829e-04 -1.19675475e-04  4.41758966e-05 -1.23512273e-05]
   [-3.73558905e-05  1.64569385e-04  5.73087833e-04 -1.48690495e-04
     1.71491425e-04 -3.19719140e-04  1.24965585e-03 -8.31624784e-04
     2.84055513e-05 -2.09874939e-04  1.48041421e-04  1.11314803e-04
    -6.38389902e-04  6.24459819e-04  7.14590497e-05  6.16115040e-06
    -6.74762239e-04  3.79977399e-04 -1.83047261e-04  5.91997668e-05
     1.16730691e-03 -8.47208779e-04  3.14078265e-04  1.20607110e-05
    -8.49668111e-04  1.87849422e-04  1.31304216e-04  9.48066918e-06]
   [ 1.25152888e-04 -4.64584309e-06 -3.01659693e-05  5.07078257e-05
    -1.40996359e-04 -2.74306105e-04  4.01691970e-04  1.77273061e-04
    -8.83717148e-04  2.50731682e-04  3.85776977e-04  8.22690083e-04
    -5.13247389e-04  3.06431873e-04 -8.33010767e-04 -2.21081733e-04
    -3.15427431e-04 -9.53129376e-04 -5.61289780e-04 -1.15320913e-03
     5.65856999e-06 -2.57296546e-04 -4.19012416e-04 -3.18659411e-04
    -9.62901977e-05  7.14316207e-04 -1.39003649e-04 -3.87197033e-05]
   [ 1.00089579e-04  4.70204614e-05 -1.25944571e-04 -3.72498253e-05
     5.21278474e-04  3.38236314e-05  6.82577083e-04 -2.96383805e-04
     3.56623670e-04 -3.92795133e-04  7.95714950e-05  1.97061570e-04
    -1.19796314e-03 -1.44799444e-04  4.63185599e-04  2.85476766e-04
     1.09720684e-04 -1.57600676e-04 -2.42997645e-04 -6.64877007e-04
     3.96752876e-04 -1.83923534e-04 -4.01236670e-04 -4.99674003e-04
     1.03944956e-04 -3.77221353e-04  2.10910381e-04 -1.20874203e-04]
   [ 1.03439117e-04 -9.64025967e-05  3.01545369e-04  5.09341946e-04
     6.08908536e-04 -7.38968898e-04 -5.30781574e-04 -7.56629568e-04
     5.61623427e-04 -1.18580740e-03 -4.13878704e-04  2.70436838e-04
    -6.00264524e-04  3.27804766e-04 -2.01998767e-03  5.47138916e-04
    -1.96453941e-04  5.11882317e-05 -1.28365506e-03 -4.17649717e-04
    -6.72359456e-05 -1.20308972e-03  8.37326923e-04  2.98207335e-04
    -4.93615771e-05  4.14096372e-04  6.11332362e-05  2.06455908e-04]
   [-1.66178623e-04 -9.29329763e-05  3.30110604e-04  1.00545592e-04
     2.49841396e-04 -8.73089826e-04  2.07182413e-04 -5.59720029e-05
    -5.48821699e-04 -4.62794887e-05 -2.95513775e-04  1.86482037e-03
    -5.73304773e-04  5.21657581e-04 -3.85680236e-04 -2.23893076e-04
     1.72612214e-04 -3.70822556e-04  4.56976180e-04  4.68185826e-05
     6.83707985e-05  1.25120278e-04  3.53606047e-05 -1.75451096e-05
    -5.47818272e-05  5.59999782e-04  2.50445679e-04  8.27203439e-06]
   [ 2.29130412e-04 -1.49778934e-04  6.40376587e-04  2.22349074e-04
    -1.15079645e-04 -1.87304715e-04 -7.15218412e-05  1.37919924e-04
    -3.25938105e-04  1.23861479e-04 -1.01806398e-03 -1.14267714e-04
    -1.30448549e-03  5.92951488e-04 -7.47556624e-04  5.49394579e-04
    -9.16122517e-04 -2.41891597e-04 -1.33822835e-03  7.00880541e-04
    -5.59782435e-04 -3.93632101e-04  1.16369505e-04 -1.16627896e-03
     6.68595545e-04  2.62982998e-04 -2.11949402e-04 -1.02223014e-04]
   [-6.41117231e-06 -2.01363218e-04 -2.31734986e-04 -7.18021241e-04
    -7.36170987e-05 -2.18604691e-04  3.25369969e-04 -4.43615543e-04
     3.98476433e-04 -6.13910786e-04 -2.40074049e-04  2.48061988e-04
    -8.54030310e-04  2.21755751e-03 -9.51157650e-04 -3.94445378e-04
    -1.20035649e-04 -7.80902046e-04 -3.38933809e-04 -5.61669185e-05
    -7.27863342e-04  3.29895083e-05  4.00111516e-04  2.45304604e-04
    -1.79379975e-04 -3.45479784e-04 -1.81516123e-04 -3.31505507e-05]
   [-9.63874481e-05 -1.43232319e-04  1.83704804e-04 -5.22702503e-05
     6.49614434e-04 -2.60503963e-04  4.25226521e-04 -4.84798278e-04
     7.92476203e-05  1.46343373e-04 -3.43135835e-05 -4.62388089e-05
     6.37089077e-04  4.09059488e-04 -1.43357459e-03  4.82912321e-04
     8.43460148e-04  3.67878674e-04 -3.94694420e-04 -1.04203925e-03
    -5.74098784e-04 -1.60832540e-04 -2.56538042e-04 -6.87750231e-04
     1.99260277e-04 -6.55822165e-04  8.95731791e-05  1.44050922e-04]
   [ 1.53294313e-04  2.47880998e-05 -2.00352806e-04  2.89144315e-04
     9.99404510e-05 -4.07050393e-04  4.51051630e-04 -3.00407759e-04
     2.90130818e-04 -4.13102214e-04 -7.24354410e-04  5.12684346e-04
     5.19486202e-04  1.91592437e-04 -9.10758245e-05 -2.27717264e-05
     8.81569460e-04 -4.69638937e-04 -6.22261781e-04  8.09448713e-04
    -2.06542129e-04 -2.58044573e-04  1.86804809e-05 -4.05895495e-04
     8.38734850e-05 -2.46132287e-04 -2.24076459e-04  1.68257058e-04]
   [-2.49838602e-04 -8.34805032e-05  1.93685875e-04  5.03687188e-04
     3.92537768e-04 -3.95171723e-04  3.22798995e-04 -7.85918033e-04
    -3.22398235e-04 -2.92976794e-04  4.67359117e-04 -3.83839244e-04
     8.76326580e-04 -1.15548955e-05 -4.26783576e-04 -1.65972044e-04
    -1.03386832e-04  1.01963838e-03  3.35215067e-04 -8.94161465e-04
     4.00188670e-04 -1.87562022e-04  8.00668611e-04 -1.45490339e-04
     1.30703513e-04  3.65584798e-04 -5.56537780e-05  4.20244623e-06]
   [ 9.06903224e-05  3.58098732e-05 -3.84677318e-04  3.21336614e-04
     2.37637054e-04  1.60223062e-04  4.36759547e-05 -3.76932352e-04
    -6.93288530e-05  1.88427555e-04 -5.41948364e-04 -1.40556600e-04
     1.09289547e-04 -1.10164372e-04  9.16931953e-04  1.23075000e-03
    -2.53484817e-04  7.42083183e-04 -6.72785915e-04 -1.09865912e-03
     1.56147289e-04  5.73113328e-04  6.68591994e-04 -5.74101054e-04
     2.87150149e-04  7.96479508e-05 -9.03767068e-05  2.61092573e-05]
   [-2.31272279e-04 -4.55071131e-05  2.66354109e-05  3.65495187e-04
     2.26756267e-04 -3.03680106e-04  2.54270853e-04  2.68188131e-04
     8.25029638e-05  8.70054530e-04 -2.85768969e-04 -3.76229611e-04
    -3.96743853e-04 -4.14733746e-04 -4.59318362e-05  4.12876747e-04
     2.85325543e-04  2.44815426e-04  2.84301961e-04 -1.04080944e-04
     2.91592005e-04 -3.38027050e-04  2.57011910e-04 -1.40096934e-04
     3.61521408e-04 -2.40796726e-04 -5.33011989e-05  1.13460468e-04]
   [ 1.59059025e-04  1.62813943e-04 -2.95757491e-04  3.65229107e-06
    -1.18428230e-04 -2.89851276e-04  4.84255783e-04  6.02969203e-06
    -5.84253467e-05  2.79138534e-04 -2.32069578e-04 -4.21055418e-04
    -2.54948449e-04  7.78340560e-04 -7.93280022e-04  3.99041659e-04
    -3.10569631e-05  2.99539621e-04 -1.74755376e-04  3.59156955e-04
     2.79617198e-05 -2.53171078e-04 -2.52581754e-04  2.20966234e-04
    -1.50277974e-05  1.31013867e-05  9.95992959e-05 -3.44962682e-05]
   [-8.26303221e-05 -8.39639961e-06 -6.39519203e-05  2.09942649e-04
    -6.65431580e-05 -4.02162754e-04  4.60526033e-04  3.61678016e-04
     2.62976682e-04  4.06934778e-05 -1.70967280e-04  4.72632179e-04
    -2.31079548e-06  3.13243072e-05 -3.00724205e-04 -4.67716425e-04
    -2.90331402e-04 -1.05899599e-04  6.16317906e-04 -7.32688786e-05
    -1.91570609e-04 -3.42583604e-04 -9.01929088e-05  1.19049560e-04
    -1.40313015e-04 -1.43369878e-04  6.25896209e-05  0.00000000e+00]
   [ 9.51222755e-05  6.60435835e-05 -1.78507646e-04  8.70060685e-05
    -7.55570290e-05 -6.83083781e-05  2.17239663e-04  8.25726966e-05
     6.05223613e-05  1.19160984e-04 -1.42049001e-04  2.54578714e-04
     2.01320057e-04 -4.92910855e-04 -8.79504441e-05 -7.85512748e-05
     3.48392932e-04 -1.47995350e-04 -1.23043123e-04  4.05131083e-04
    -6.92715548e-05 -2.32994920e-04  9.58826495e-05 -3.37872552e-05
     5.16492837e-05 -9.37528748e-05  9.85908173e-07  0.00000000e+00]
   [ 0.00000000e+00  0.00000000e+00  1.17870513e-05  4.57631395e-05
    -1.12582065e-05 -2.56005987e-05  8.82323875e-05  6.06844769e-05
    -1.53653800e-05 -4.01054131e-05 -3.99898163e-05 -6.07501024e-05
     6.78232391e-05 -4.62145763e-05  2.12000941e-05 -1.14489121e-05
     1.05366686e-04  2.55924766e-04 -1.05973289e-04 -5.93224977e-05
     8.08304903e-05  4.16028670e-05  2.01963194e-04 -4.94985761e-05
    -6.77381395e-05  6.93545953e-05  0.00000000e+00  0.00000000e+00]]]]
-----
grad 2: min -0.002028348855674267, max 0.0022175575140863657, mean -2.5530156563036144e-05, std 0.00046447868226096034
[[[[-3.98106567e-06  1.42307090e-05  2.48128472e-05 -1.41998011e-04
     1.16619242e-06  7.32414628e-05  2.52085283e-05  1.41570432e-04
    -1.36646573e-04  1.12484558e-04  3.38573700e-05  1.19306009e-04
    -1.73566790e-04  1.45506692e-05 -3.12898228e-05 -7.33264387e-05
     2.11154300e-04  8.08188415e-05 -7.09596789e-05 -1.28302869e-04
    -2.11151801e-05 -1.40158983e-04 -1.77995375e-04  4.44790021e-05
    -3.95064671e-05  3.49458060e-05  5.53697100e-05 -6.62074626e-06]
   [ 1.14382392e-05 -5.58151842e-05  8.94528494e-05 -2.03997188e-05
     3.73738835e-08  1.15115559e-04 -3.42362705e-06 -9.67862979e-06
    -2.95790924e-05  1.59720701e-04 -2.12845916e-04  1.23177422e-04
    -1.76773494e-04 -1.08061009e-04  1.50591688e-06  1.74377899e-04
    -2.97864995e-06 -9.70217661e-05 -3.71067203e-04 -6.28017224e-05
    -1.66391023e-04  1.51072280e-04  2.23195311e-04  6.22627558e-05
    -1.44691840e-05  1.45862956e-04 -1.24285696e-04  1.87237565e-05]
   [-1.40576358e-05 -1.03283055e-05 -8.70620133e-05 -1.54950380e-04
     1.80149160e-04 -2.83641966e-05 -5.95794481e-05  2.84024602e-04
    -4.42727287e-05  3.26868932e-04  1.25632941e-04  4.13035705e-05
    -4.41797252e-04  3.62945750e-04  1.55749411e-04  3.08818417e-05
    -1.60952637e-04 -2.81047833e-05 -4.60686220e-04  3.22423963e-04
    -3.37503938e-04 -1.41965298e-04  2.08190366e-04  1.05252730e-04
    -4.35671449e-04  3.48475041e-05 -1.60715917e-05  1.77531947e-05]
   [ 1.71705540e-06 -2.35051572e-04  1.91338331e-04  2.74218201e-06
     1.61289470e-04  1.85488898e-05 -1.97711444e-04  4.24678205e-04
    -6.59405312e-04 -3.69347072e-05 -1.45018901e-04 -4.16254363e-04
     6.07020484e-05  1.90788312e-04 -6.42888263e-05  4.66786005e-05
     3.16151069e-04  2.35504544e-04 -5.45163988e-04 -1.56199894e-04
     3.34173965e-04 -2.16812070e-04 -8.84350884e-05  4.77877096e-04
     2.34215258e-05 -3.74796582e-05  3.06527130e-04 -7.65019140e-05]
   [ 5.61215711e-05  1.42442659e-04 -1.82304837e-04 -6.40783983e-04
    -1.06437430e-04  2.50873854e-04 -7.78695976e-04 -1.52863722e-04
    -1.55613860e-04  5.69471275e-04 -3.18949111e-04  9.60684905e-04
    -7.93345738e-04  1.62164652e-04 -1.15853921e-03  1.06386047e-04
    -8.33838058e-05  7.41728174e-04  3.40012426e-04  3.22988890e-05
     1.60241022e-03 -3.15221077e-05  3.38065845e-04  7.09337692e-05
    -2.81996938e-04 -1.51220476e-04 -6.52148674e-06  9.36081269e-05]
   [ 7.49479368e-05 -2.25297830e-04 -1.47198647e-04 -1.92269305e-04
    -4.23814345e-04  3.96924239e-04 -5.22396236e-04  5.19509369e-04
     4.15323157e-04  6.61560698e-05  1.03835388e-04  5.43021946e-04
     3.22296604e-04  1.27764128e-04 -4.46745835e-04  1.83880446e-04
     1.00373836e-04  7.74437445e-04  3.84254701e-04  8.10723926e-04
    -1.21478033e-05 -8.90164694e-04 -4.77337715e-04 -1.71409396e-04
     3.66515014e-04  3.13617435e-04 -3.72250041e-04  2.27520413e-05]
   [-1.39959811e-04 -4.54016918e-05 -3.13141965e-04  4.07077605e-04
    -9.00299870e-04  2.97373830e-04 -9.30235256e-04 -1.97860936e-04
     1.13605533e-03 -2.50870246e-04  1.01886690e-03  1.14215130e-04
    -1.40926254e-03 -5.96072292e-04 -1.08806905e-03 -5.27294877e-04
     6.05770074e-05 -4.29116044e-04 -2.24871212e-04  5.11038292e-04
     1.03574083e-03 -1.01801730e-03  8.21859227e-04 -5.20772628e-05
    -5.56327461e-04  1.25959705e-04  5.30079815e-05 -5.10123718e-05]
   [-1.65113684e-04  1.64662270e-04 -1.60013442e-04  5.90883137e-04
     1.70913961e-04  4.98266163e-05  7.11589470e-04  8.62054294e-04
     7.20428070e-04  3.88998189e-04 -3.12501681e-04 -2.24504358e-04
     1.02849735e-04  3.10794450e-04 -1.77973023e-04 -1.81922561e-03
    -9.24619671e-04 -6.65921034e-05  7.61391013e-04 -2.12038271e-04
     3.76882148e-04 -1.00928021e-03  9.25338943e-04  4.54751571e-04
    -3.37991049e-04  6.82639002e-05  6.37510384e-05 -7.42424672e-05]
   [-2.10348098e-05 -2.22842224e-04 -4.56264970e-04  2.65317558e-05
    -1.61748903e-04  3.06376314e-04 -3.18961887e-04 -4.47023456e-04
    -9.68751192e-05 -1.34858803e-03  8.17927648e-04  5.69298049e-04
    -6.89859269e-04 -7.17573042e-04 -7.68713886e-04  1.71207648e-04
    -4.55970876e-04  8.61469365e-04 -1.56903043e-04 -7.08528678e-04
     6.29447110e-04  7.22358600e-05 -3.33740812e-04 -3.77645134e-04
     4.30016335e-05  1.32472676e-04  1.35680355e-04  9.95930895e-05]
   [-8.28809862e-05  5.70775701e-05 -7.83352789e-06  6.98928081e-04
    -6.47063061e-05  7.69675709e-04  4.72856482e-04 -7.84644333e-04
     3.03458510e-04  3.47089925e-04  9.90996137e-04  7.16846960e-04
    -1.67358154e-03 -3.53068637e-04 -2.54190876e-04  2.13258958e-04
     4.49872052e-04  6.93569134e-04  4.92503808e-04 -1.28745945e-04
     9.92212095e-04 -1.23371149e-03  5.60822773e-05 -5.61403984e-04
    -4.27966530e-04  1.55728878e-04 -1.36106071e-04 -1.39230571e-04]
   [ 1.32557441e-04 -6.80698577e-05  9.90645844e-04  5.06733777e-04
    -6.69628324e-04 -5.67184121e-04 -3.72549286e-04  3.60993989e-04
     5.96421654e-04  1.75461770e-04 -7.85175071e-04 -1.28506776e-03
    -8.92517914e-04  6.87187479e-04 -1.22583564e-03 -1.60988682e-04
    -2.02834886e-03  3.96520045e-04 -6.95200753e-04 -8.45973918e-05
     5.58311178e-04 -8.40933179e-04 -3.24027729e-04 -5.38454507e-04
     2.62853369e-04 -9.13901295e-06 -3.79708101e-04  1.23121412e-04]
   [ 4.36787968e-06  6.31637158e-05  1.40179778e-04  8.26153846e-05
    -4.60053270e-05 -2.06766359e-04  4.48033825e-04  5.02964191e-04
    -4.27224295e-04 -3.28198279e-04 -1.39227141e-05 -2.31597543e-04
    -7.33131252e-04  2.77827028e-04 -6.79397781e-04 -1.26869243e-04
    -6.78315351e-04  5.52113808e-04 -4.95551831e-05  1.38656260e-03
     1.68802275e-03 -4.64290388e-05  5.94415178e-04 -3.10631061e-04
    -2.93751829e-04 -1.19675475e-04  4.41758966e-05 -1.23512273e-05]
   [-3.73558905e-05  1.64569385e-04  5.73087833e-04 -1.48690495e-04
     1.71491425e-04 -3.19719140e-04  1.24965585e-03 -8.31624784e-04
     2.84055513e-05 -2.09874939e-04  1.48041421e-04  1.11314803e-04
    -6.38389902e-04  6.24459819e-04  7.14590497e-05  6.16115040e-06
    -6.74762239e-04  3.79977399e-04 -1.83047261e-04  5.91997668e-05
     1.16730691e-03 -8.47208779e-04  3.14078265e-04  1.20607110e-05
    -8.49668111e-04  1.87849422e-04  1.31304216e-04  9.48066918e-06]
   [ 1.25152888e-04 -4.64584309e-06 -3.01659693e-05  5.07078257e-05
    -1.40996359e-04 -2.74306105e-04  4.01691970e-04  1.77273061e-04
    -8.83717148e-04  2.50731682e-04  3.85776977e-04  8.22690083e-04
    -5.13247389e-04  3.06431873e-04 -8.33010767e-04 -2.21081733e-04
    -3.15427431e-04 -9.53129376e-04 -5.61289780e-04 -1.15320913e-03
     5.65856999e-06 -2.57296546e-04 -4.19012416e-04 -3.18659411e-04
    -9.62901977e-05  7.14316207e-04 -1.39003649e-04 -3.87197033e-05]
   [ 1.00089579e-04  4.70204614e-05 -1.25944571e-04 -3.72498253e-05
     5.21278474e-04  3.38236314e-05  6.82577083e-04 -2.96383805e-04
     3.56623670e-04 -3.92795133e-04  7.95714950e-05  1.97061570e-04
    -1.19796314e-03 -1.44799444e-04  4.63185599e-04  2.85476766e-04
     1.09720684e-04 -1.57600676e-04 -2.42997645e-04 -6.64877007e-04
     3.96752876e-04 -1.83923534e-04 -4.01236670e-04 -4.99674003e-04
     1.03944956e-04 -3.77221353e-04  2.10910381e-04 -1.20874203e-04]
   [ 1.03439117e-04 -9.64025967e-05  3.01545369e-04  5.09341946e-04
     6.08908536e-04 -7.38968898e-04 -5.30781574e-04 -7.56629568e-04
     5.61623427e-04 -1.18580740e-03 -4.13878704e-04  2.70436838e-04
    -6.00264524e-04  3.27804766e-04 -2.01998767e-03  5.47138916e-04
    -1.96453941e-04  5.11882317e-05 -1.28365506e-03 -4.17649717e-04
    -6.72359456e-05 -1.20308972e-03  8.37326923e-04  2.98207335e-04
    -4.93615771e-05  4.14096372e-04  6.11332362e-05  2.06455908e-04]
   [-1.66178623e-04 -9.29329763e-05  3.30110604e-04  1.00545592e-04
     2.49841396e-04 -8.73089826e-04  2.07182413e-04 -5.59720029e-05
    -5.48821699e-04 -4.62794887e-05 -2.95513775e-04  1.86482037e-03
    -5.73304773e-04  5.21657581e-04 -3.85680236e-04 -2.23893076e-04
     1.72612214e-04 -3.70822556e-04  4.56976180e-04  4.68185826e-05
     6.83707985e-05  1.25120278e-04  3.53606047e-05 -1.75451096e-05
    -5.47818272e-05  5.59999782e-04  2.50445679e-04  8.27203439e-06]
   [ 2.29130412e-04 -1.49778934e-04  6.40376587e-04  2.22349074e-04
    -1.15079645e-04 -1.87304715e-04 -7.15218412e-05  1.37919924e-04
    -3.25938105e-04  1.23861479e-04 -1.01806398e-03 -1.14267714e-04
    -1.30448549e-03  5.92951488e-04 -7.47556624e-04  5.49394579e-04
    -9.16122517e-04 -2.41891597e-04 -1.33822835e-03  7.00880541e-04
    -5.59782435e-04 -3.93632101e-04  1.16369505e-04 -1.16627896e-03
     6.68595545e-04  2.62982998e-04 -2.11949402e-04 -1.02223014e-04]
   [-6.41117231e-06 -2.01363218e-04 -2.31734986e-04 -7.18021241e-04
    -7.36170987e-05 -2.18604691e-04  3.25369969e-04 -4.43615543e-04
     3.98476433e-04 -6.13910786e-04 -2.40074049e-04  2.48061988e-04
    -8.54030310e-04  2.21755751e-03 -9.51157650e-04 -3.94445378e-04
    -1.20035649e-04 -7.80902046e-04 -3.38933809e-04 -5.61669185e-05
    -7.27863342e-04  3.29895083e-05  4.00111516e-04  2.45304604e-04
    -1.79379975e-04 -3.45479784e-04 -1.81516123e-04 -3.31505507e-05]
   [-9.63874481e-05 -1.43232319e-04  1.83704804e-04 -5.22702503e-05
     6.49614434e-04 -2.60503963e-04  4.25226521e-04 -4.84798278e-04
     7.92476203e-05  1.46343373e-04 -3.43135835e-05 -4.62388089e-05
     6.37089077e-04  4.09059488e-04 -1.43357459e-03  4.82912321e-04
     8.43460148e-04  3.67878674e-04 -3.94694420e-04 -1.04203925e-03
    -5.74098784e-04 -1.60832540e-04 -2.56538042e-04 -6.87750231e-04
     1.99260277e-04 -6.55822165e-04  8.95731791e-05  1.44050922e-04]
   [ 1.53294313e-04  2.47880998e-05 -2.00352806e-04  2.89144315e-04
     9.99404510e-05 -4.07050393e-04  4.51051630e-04 -3.00407759e-04
     2.90130818e-04 -4.13102214e-04 -7.24354410e-04  5.12684346e-04
     5.19486202e-04  1.91592437e-04 -9.10758245e-05 -2.27717264e-05
     8.81569460e-04 -4.69638937e-04 -6.22261781e-04  8.09448713e-04
    -2.06542129e-04 -2.58044573e-04  1.86804809e-05 -4.05895495e-04
     8.38734850e-05 -2.46132287e-04 -2.24076459e-04  1.68257058e-04]
   [-2.49838602e-04 -8.34805032e-05  1.93685875e-04  5.03687188e-04
     3.92537768e-04 -3.95171723e-04  3.22798995e-04 -7.85918033e-04
    -3.22398235e-04 -2.92976794e-04  4.67359117e-04 -3.83839244e-04
     8.76326580e-04 -1.15548955e-05 -4.26783576e-04 -1.65972044e-04
    -1.03386832e-04  1.01963838e-03  3.35215067e-04 -8.94161465e-04
     4.00188670e-04 -1.87562022e-04  8.00668611e-04 -1.45490339e-04
     1.30703513e-04  3.65584798e-04 -5.56537780e-05  4.20244623e-06]
   [ 9.06903224e-05  3.58098732e-05 -3.84677318e-04  3.21336614e-04
     2.37637054e-04  1.60223062e-04  4.36759547e-05 -3.76932352e-04
    -6.93288530e-05  1.88427555e-04 -5.41948364e-04 -1.40556600e-04
     1.09289547e-04 -1.10164372e-04  9.16931953e-04  1.23075000e-03
    -2.53484817e-04  7.42083183e-04 -6.72785915e-04 -1.09865912e-03
     1.56147289e-04  5.73113328e-04  6.68591994e-04 -5.74101054e-04
     2.87150149e-04  7.96479508e-05 -9.03767068e-05  2.61092573e-05]
   [-2.31272279e-04 -4.55071131e-05  2.66354109e-05  3.65495187e-04
     2.26756267e-04 -3.03680106e-04  2.54270853e-04  2.68188131e-04
     8.25029638e-05  8.70054530e-04 -2.85768969e-04 -3.76229611e-04
    -3.96743853e-04 -4.14733746e-04 -4.59318362e-05  4.12876747e-04
     2.85325543e-04  2.44815426e-04  2.84301961e-04 -1.04080944e-04
     2.91592005e-04 -3.38027050e-04  2.57011910e-04 -1.40096934e-04
     3.61521408e-04 -2.40796726e-04 -5.33011989e-05  1.13460468e-04]
   [ 1.59059025e-04  1.62813943e-04 -2.95757491e-04  3.65229107e-06
    -1.18428230e-04 -2.89851276e-04  4.84255783e-04  6.02969203e-06
    -5.84253467e-05  2.79138534e-04 -2.32069578e-04 -4.21055418e-04
    -2.54948449e-04  7.78340560e-04 -7.93280022e-04  3.99041659e-04
    -3.10569631e-05  2.99539621e-04 -1.74755376e-04  3.59156955e-04
     2.79617198e-05 -2.53171078e-04 -2.52581754e-04  2.20966234e-04
    -1.50277974e-05  1.31013867e-05  9.95992959e-05 -3.44962682e-05]
   [-8.26303221e-05 -8.39639961e-06 -6.39519203e-05  2.09942649e-04
    -6.65431580e-05 -4.02162754e-04  4.60526033e-04  3.61678016e-04
     2.62976682e-04  4.06934778e-05 -1.70967280e-04  4.72632179e-04
    -2.31079548e-06  3.13243072e-05 -3.00724205e-04 -4.67716425e-04
    -2.90331402e-04 -1.05899599e-04  6.16317906e-04 -7.32688786e-05
    -1.91570609e-04 -3.42583604e-04 -9.01929088e-05  1.19049560e-04
    -1.40313015e-04 -1.43369878e-04  6.25896209e-05  0.00000000e+00]
   [ 9.51222755e-05  6.60435835e-05 -1.78507646e-04  8.70060685e-05
    -7.55570290e-05 -6.83083781e-05  2.17239663e-04  8.25726966e-05
     6.05223613e-05  1.19160984e-04 -1.42049001e-04  2.54578714e-04
     2.01320057e-04 -4.92910855e-04 -8.79504441e-05 -7.85512748e-05
     3.48392932e-04 -1.47995350e-04 -1.23043123e-04  4.05131083e-04
    -6.92715548e-05 -2.32994920e-04  9.58826495e-05 -3.37872552e-05
     5.16492837e-05 -9.37528748e-05  9.85908173e-07  0.00000000e+00]
   [ 0.00000000e+00  0.00000000e+00  1.17870513e-05  4.57631395e-05
    -1.12582065e-05 -2.56005987e-05  8.82323875e-05  6.06844769e-05
    -1.53653800e-05 -4.01054131e-05 -3.99898163e-05 -6.07501024e-05
     6.78232391e-05 -4.62145763e-05  2.12000941e-05 -1.14489121e-05
     1.05366686e-04  2.55924766e-04 -1.05973289e-04 -5.93224977e-05
     8.08304903e-05  4.16028670e-05  2.01963194e-04 -4.94985761e-05
    -6.77381395e-05  6.93545953e-05  0.00000000e+00  0.00000000e+00]]]]
-----
grad 3: min -0.002028348855674267, max 0.0022175575140863657, mean -2.5530156563036144e-05, std 0.00046447868226096034
[[[[-3.98106567e-06  1.42307090e-05  2.48128472e-05 -1.41998011e-04
     1.16619242e-06  7.32414628e-05  2.52085283e-05  1.41570432e-04
    -1.36646573e-04  1.12484558e-04  3.38573700e-05  1.19306009e-04
    -1.73566790e-04  1.45506692e-05 -3.12898228e-05 -7.33264387e-05
     2.11154300e-04  8.08188415e-05 -7.09596789e-05 -1.28302869e-04
    -2.11151801e-05 -1.40158983e-04 -1.77995375e-04  4.44790021e-05
    -3.95064671e-05  3.49458060e-05  5.53697100e-05 -6.62074626e-06]
   [ 1.14382392e-05 -5.58151842e-05  8.94528494e-05 -2.03997188e-05
     3.73738835e-08  1.15115559e-04 -3.42362705e-06 -9.67862979e-06
    -2.95790924e-05  1.59720701e-04 -2.12845916e-04  1.23177422e-04
    -1.76773494e-04 -1.08061009e-04  1.50591688e-06  1.74377899e-04
    -2.97864995e-06 -9.70217661e-05 -3.71067203e-04 -6.28017224e-05
    -1.66391023e-04  1.51072280e-04  2.23195311e-04  6.22627558e-05
    -1.44691840e-05  1.45862956e-04 -1.24285696e-04  1.87237565e-05]
   [-1.40576358e-05 -1.03283055e-05 -8.70620133e-05 -1.54950380e-04
     1.80149160e-04 -2.83641966e-05 -5.95794481e-05  2.84024602e-04
    -4.42727287e-05  3.26868932e-04  1.25632941e-04  4.13035705e-05
    -4.41797252e-04  3.62945750e-04  1.55749411e-04  3.08818417e-05
    -1.60952637e-04 -2.81047833e-05 -4.60686220e-04  3.22423963e-04
    -3.37503938e-04 -1.41965298e-04  2.08190366e-04  1.05252730e-04
    -4.35671449e-04  3.48475041e-05 -1.60715917e-05  1.77531947e-05]
   [ 1.71705540e-06 -2.35051572e-04  1.91338331e-04  2.74218201e-06
     1.61289470e-04  1.85488898e-05 -1.97711444e-04  4.24678205e-04
    -6.59405312e-04 -3.69347072e-05 -1.45018901e-04 -4.16254363e-04
     6.07020484e-05  1.90788312e-04 -6.42888263e-05  4.66786005e-05
     3.16151069e-04  2.35504544e-04 -5.45163988e-04 -1.56199894e-04
     3.34173965e-04 -2.16812070e-04 -8.84350884e-05  4.77877096e-04
     2.34215258e-05 -3.74796582e-05  3.06527130e-04 -7.65019140e-05]
   [ 5.61215711e-05  1.42442659e-04 -1.82304837e-04 -6.40783983e-04
    -1.06437430e-04  2.50873854e-04 -7.78695976e-04 -1.52863722e-04
    -1.55613860e-04  5.69471275e-04 -3.18949111e-04  9.60684905e-04
    -7.93345738e-04  1.62164652e-04 -1.15853921e-03  1.06386047e-04
    -8.33838058e-05  7.41728174e-04  3.40012426e-04  3.22988890e-05
     1.60241022e-03 -3.15221077e-05  3.38065845e-04  7.09337692e-05
    -2.81996938e-04 -1.51220476e-04 -6.52148674e-06  9.36081269e-05]
   [ 7.49479368e-05 -2.25297830e-04 -1.47198647e-04 -1.92269305e-04
    -4.23814345e-04  3.96924239e-04 -5.22396236e-04  5.19509369e-04
     4.15323157e-04  6.61560698e-05  1.03835388e-04  5.43021946e-04
     3.22296604e-04  1.27764128e-04 -4.46745835e-04  1.83880446e-04
     1.00373836e-04  7.74437445e-04  3.84254701e-04  8.10723926e-04
    -1.21478033e-05 -8.90164694e-04 -4.77337715e-04 -1.71409396e-04
     3.66515014e-04  3.13617435e-04 -3.72250041e-04  2.27520413e-05]
   [-1.39959811e-04 -4.54016918e-05 -3.13141965e-04  4.07077605e-04
    -9.00299870e-04  2.97373830e-04 -9.30235256e-04 -1.97860936e-04
     1.13605533e-03 -2.50870246e-04  1.01886690e-03  1.14215130e-04
    -1.40926254e-03 -5.96072292e-04 -1.08806905e-03 -5.27294877e-04
     6.05770074e-05 -4.29116044e-04 -2.24871212e-04  5.11038292e-04
     1.03574083e-03 -1.01801730e-03  8.21859227e-04 -5.20772628e-05
    -5.56327461e-04  1.25959705e-04  5.30079815e-05 -5.10123718e-05]
   [-1.65113684e-04  1.64662270e-04 -1.60013442e-04  5.90883137e-04
     1.70913961e-04  4.98266163e-05  7.11589470e-04  8.62054294e-04
     7.20428070e-04  3.88998189e-04 -3.12501681e-04 -2.24504358e-04
     1.02849735e-04  3.10794450e-04 -1.77973023e-04 -1.81922561e-03
    -9.24619671e-04 -6.65921034e-05  7.61391013e-04 -2.12038271e-04
     3.76882148e-04 -1.00928021e-03  9.25338943e-04  4.54751571e-04
    -3.37991049e-04  6.82639002e-05  6.37510384e-05 -7.42424672e-05]
   [-2.10348098e-05 -2.22842224e-04 -4.56264970e-04  2.65317558e-05
    -1.61748903e-04  3.06376314e-04 -3.18961887e-04 -4.47023456e-04
    -9.68751192e-05 -1.34858803e-03  8.17927648e-04  5.69298049e-04
    -6.89859269e-04 -7.17573042e-04 -7.68713886e-04  1.71207648e-04
    -4.55970876e-04  8.61469365e-04 -1.56903043e-04 -7.08528678e-04
     6.29447110e-04  7.22358600e-05 -3.33740812e-04 -3.77645134e-04
     4.30016335e-05  1.32472676e-04  1.35680355e-04  9.95930895e-05]
   [-8.28809862e-05  5.70775701e-05 -7.83352789e-06  6.98928081e-04
    -6.47063061e-05  7.69675709e-04  4.72856482e-04 -7.84644333e-04
     3.03458510e-04  3.47089925e-04  9.90996137e-04  7.16846960e-04
    -1.67358154e-03 -3.53068637e-04 -2.54190876e-04  2.13258958e-04
     4.49872052e-04  6.93569134e-04  4.92503808e-04 -1.28745945e-04
     9.92212095e-04 -1.23371149e-03  5.60822773e-05 -5.61403984e-04
    -4.27966530e-04  1.55728878e-04 -1.36106071e-04 -1.39230571e-04]
   [ 1.32557441e-04 -6.80698577e-05  9.90645844e-04  5.06733777e-04
    -6.69628324e-04 -5.67184121e-04 -3.72549286e-04  3.60993989e-04
     5.96421654e-04  1.75461770e-04 -7.85175071e-04 -1.28506776e-03
    -8.92517914e-04  6.87187479e-04 -1.22583564e-03 -1.60988682e-04
    -2.02834886e-03  3.96520045e-04 -6.95200753e-04 -8.45973918e-05
     5.58311178e-04 -8.40933179e-04 -3.24027729e-04 -5.38454507e-04
     2.62853369e-04 -9.13901295e-06 -3.79708101e-04  1.23121412e-04]
   [ 4.36787968e-06  6.31637158e-05  1.40179778e-04  8.26153846e-05
    -4.60053270e-05 -2.06766359e-04  4.48033825e-04  5.02964191e-04
    -4.27224295e-04 -3.28198279e-04 -1.39227141e-05 -2.31597543e-04
    -7.33131252e-04  2.77827028e-04 -6.79397781e-04 -1.26869243e-04
    -6.78315351e-04  5.52113808e-04 -4.95551831e-05  1.38656260e-03
     1.68802275e-03 -4.64290388e-05  5.94415178e-04 -3.10631061e-04
    -2.93751829e-04 -1.19675475e-04  4.41758966e-05 -1.23512273e-05]
   [-3.73558905e-05  1.64569385e-04  5.73087833e-04 -1.48690495e-04
     1.71491425e-04 -3.19719140e-04  1.24965585e-03 -8.31624784e-04
     2.84055513e-05 -2.09874939e-04  1.48041421e-04  1.11314803e-04
    -6.38389902e-04  6.24459819e-04  7.14590497e-05  6.16115040e-06
    -6.74762239e-04  3.79977399e-04 -1.83047261e-04  5.91997668e-05
     1.16730691e-03 -8.47208779e-04  3.14078265e-04  1.20607110e-05
    -8.49668111e-04  1.87849422e-04  1.31304216e-04  9.48066918e-06]
   [ 1.25152888e-04 -4.64584309e-06 -3.01659693e-05  5.07078257e-05
    -1.40996359e-04 -2.74306105e-04  4.01691970e-04  1.77273061e-04
    -8.83717148e-04  2.50731682e-04  3.85776977e-04  8.22690083e-04
    -5.13247389e-04  3.06431873e-04 -8.33010767e-04 -2.21081733e-04
    -3.15427431e-04 -9.53129376e-04 -5.61289780e-04 -1.15320913e-03
     5.65856999e-06 -2.57296546e-04 -4.19012416e-04 -3.18659411e-04
    -9.62901977e-05  7.14316207e-04 -1.39003649e-04 -3.87197033e-05]
   [ 1.00089579e-04  4.70204614e-05 -1.25944571e-04 -3.72498253e-05
     5.21278474e-04  3.38236314e-05  6.82577083e-04 -2.96383805e-04
     3.56623670e-04 -3.92795133e-04  7.95714950e-05  1.97061570e-04
    -1.19796314e-03 -1.44799444e-04  4.63185599e-04  2.85476766e-04
     1.09720684e-04 -1.57600676e-04 -2.42997645e-04 -6.64877007e-04
     3.96752876e-04 -1.83923534e-04 -4.01236670e-04 -4.99674003e-04
     1.03944956e-04 -3.77221353e-04  2.10910381e-04 -1.20874203e-04]
   [ 1.03439117e-04 -9.64025967e-05  3.01545369e-04  5.09341946e-04
     6.08908536e-04 -7.38968898e-04 -5.30781574e-04 -7.56629568e-04
     5.61623427e-04 -1.18580740e-03 -4.13878704e-04  2.70436838e-04
    -6.00264524e-04  3.27804766e-04 -2.01998767e-03  5.47138916e-04
    -1.96453941e-04  5.11882317e-05 -1.28365506e-03 -4.17649717e-04
    -6.72359456e-05 -1.20308972e-03  8.37326923e-04  2.98207335e-04
    -4.93615771e-05  4.14096372e-04  6.11332362e-05  2.06455908e-04]
   [-1.66178623e-04 -9.29329763e-05  3.30110604e-04  1.00545592e-04
     2.49841396e-04 -8.73089826e-04  2.07182413e-04 -5.59720029e-05
    -5.48821699e-04 -4.62794887e-05 -2.95513775e-04  1.86482037e-03
    -5.73304773e-04  5.21657581e-04 -3.85680236e-04 -2.23893076e-04
     1.72612214e-04 -3.70822556e-04  4.56976180e-04  4.68185826e-05
     6.83707985e-05  1.25120278e-04  3.53606047e-05 -1.75451096e-05
    -5.47818272e-05  5.59999782e-04  2.50445679e-04  8.27203439e-06]
   [ 2.29130412e-04 -1.49778934e-04  6.40376587e-04  2.22349074e-04
    -1.15079645e-04 -1.87304715e-04 -7.15218412e-05  1.37919924e-04
    -3.25938105e-04  1.23861479e-04 -1.01806398e-03 -1.14267714e-04
    -1.30448549e-03  5.92951488e-04 -7.47556624e-04  5.49394579e-04
    -9.16122517e-04 -2.41891597e-04 -1.33822835e-03  7.00880541e-04
    -5.59782435e-04 -3.93632101e-04  1.16369505e-04 -1.16627896e-03
     6.68595545e-04  2.62982998e-04 -2.11949402e-04 -1.02223014e-04]
   [-6.41117231e-06 -2.01363218e-04 -2.31734986e-04 -7.18021241e-04
    -7.36170987e-05 -2.18604691e-04  3.25369969e-04 -4.43615543e-04
     3.98476433e-04 -6.13910786e-04 -2.40074049e-04  2.48061988e-04
    -8.54030310e-04  2.21755751e-03 -9.51157650e-04 -3.94445378e-04
    -1.20035649e-04 -7.80902046e-04 -3.38933809e-04 -5.61669185e-05
    -7.27863342e-04  3.29895083e-05  4.00111516e-04  2.45304604e-04
    -1.79379975e-04 -3.45479784e-04 -1.81516123e-04 -3.31505507e-05]
   [-9.63874481e-05 -1.43232319e-04  1.83704804e-04 -5.22702503e-05
     6.49614434e-04 -2.60503963e-04  4.25226521e-04 -4.84798278e-04
     7.92476203e-05  1.46343373e-04 -3.43135835e-05 -4.62388089e-05
     6.37089077e-04  4.09059488e-04 -1.43357459e-03  4.82912321e-04
     8.43460148e-04  3.67878674e-04 -3.94694420e-04 -1.04203925e-03
    -5.74098784e-04 -1.60832540e-04 -2.56538042e-04 -6.87750231e-04
     1.99260277e-04 -6.55822165e-04  8.95731791e-05  1.44050922e-04]
   [ 1.53294313e-04  2.47880998e-05 -2.00352806e-04  2.89144315e-04
     9.99404510e-05 -4.07050393e-04  4.51051630e-04 -3.00407759e-04
     2.90130818e-04 -4.13102214e-04 -7.24354410e-04  5.12684346e-04
     5.19486202e-04  1.91592437e-04 -9.10758245e-05 -2.27717264e-05
     8.81569460e-04 -4.69638937e-04 -6.22261781e-04  8.09448713e-04
    -2.06542129e-04 -2.58044573e-04  1.86804809e-05 -4.05895495e-04
     8.38734850e-05 -2.46132287e-04 -2.24076459e-04  1.68257058e-04]
   [-2.49838602e-04 -8.34805032e-05  1.93685875e-04  5.03687188e-04
     3.92537768e-04 -3.95171723e-04  3.22798995e-04 -7.85918033e-04
    -3.22398235e-04 -2.92976794e-04  4.67359117e-04 -3.83839244e-04
     8.76326580e-04 -1.15548955e-05 -4.26783576e-04 -1.65972044e-04
    -1.03386832e-04  1.01963838e-03  3.35215067e-04 -8.94161465e-04
     4.00188670e-04 -1.87562022e-04  8.00668611e-04 -1.45490339e-04
     1.30703513e-04  3.65584798e-04 -5.56537780e-05  4.20244623e-06]
   [ 9.06903224e-05  3.58098732e-05 -3.84677318e-04  3.21336614e-04
     2.37637054e-04  1.60223062e-04  4.36759547e-05 -3.76932352e-04
    -6.93288530e-05  1.88427555e-04 -5.41948364e-04 -1.40556600e-04
     1.09289547e-04 -1.10164372e-04  9.16931953e-04  1.23075000e-03
    -2.53484817e-04  7.42083183e-04 -6.72785915e-04 -1.09865912e-03
     1.56147289e-04  5.73113328e-04  6.68591994e-04 -5.74101054e-04
     2.87150149e-04  7.96479508e-05 -9.03767068e-05  2.61092573e-05]
   [-2.31272279e-04 -4.55071131e-05  2.66354109e-05  3.65495187e-04
     2.26756267e-04 -3.03680106e-04  2.54270853e-04  2.68188131e-04
     8.25029638e-05  8.70054530e-04 -2.85768969e-04 -3.76229611e-04
    -3.96743853e-04 -4.14733746e-04 -4.59318362e-05  4.12876747e-04
     2.85325543e-04  2.44815426e-04  2.84301961e-04 -1.04080944e-04
     2.91592005e-04 -3.38027050e-04  2.57011910e-04 -1.40096934e-04
     3.61521408e-04 -2.40796726e-04 -5.33011989e-05  1.13460468e-04]
   [ 1.59059025e-04  1.62813943e-04 -2.95757491e-04  3.65229107e-06
    -1.18428230e-04 -2.89851276e-04  4.84255783e-04  6.02969203e-06
    -5.84253467e-05  2.79138534e-04 -2.32069578e-04 -4.21055418e-04
    -2.54948449e-04  7.78340560e-04 -7.93280022e-04  3.99041659e-04
    -3.10569631e-05  2.99539621e-04 -1.74755376e-04  3.59156955e-04
     2.79617198e-05 -2.53171078e-04 -2.52581754e-04  2.20966234e-04
    -1.50277974e-05  1.31013867e-05  9.95992959e-05 -3.44962682e-05]
   [-8.26303221e-05 -8.39639961e-06 -6.39519203e-05  2.09942649e-04
    -6.65431580e-05 -4.02162754e-04  4.60526033e-04  3.61678016e-04
     2.62976682e-04  4.06934778e-05 -1.70967280e-04  4.72632179e-04
    -2.31079548e-06  3.13243072e-05 -3.00724205e-04 -4.67716425e-04
    -2.90331402e-04 -1.05899599e-04  6.16317906e-04 -7.32688786e-05
    -1.91570609e-04 -3.42583604e-04 -9.01929088e-05  1.19049560e-04
    -1.40313015e-04 -1.43369878e-04  6.25896209e-05  0.00000000e+00]
   [ 9.51222755e-05  6.60435835e-05 -1.78507646e-04  8.70060685e-05
    -7.55570290e-05 -6.83083781e-05  2.17239663e-04  8.25726966e-05
     6.05223613e-05  1.19160984e-04 -1.42049001e-04  2.54578714e-04
     2.01320057e-04 -4.92910855e-04 -8.79504441e-05 -7.85512748e-05
     3.48392932e-04 -1.47995350e-04 -1.23043123e-04  4.05131083e-04
    -6.92715548e-05 -2.32994920e-04  9.58826495e-05 -3.37872552e-05
     5.16492837e-05 -9.37528748e-05  9.85908173e-07  0.00000000e+00]
   [ 0.00000000e+00  0.00000000e+00  1.17870513e-05  4.57631395e-05
    -1.12582065e-05 -2.56005987e-05  8.82323875e-05  6.06844769e-05
    -1.53653800e-05 -4.01054131e-05 -3.99898163e-05 -6.07501024e-05
     6.78232391e-05 -4.62145763e-05  2.12000941e-05 -1.14489121e-05
     1.05366686e-04  2.55924766e-04 -1.05973289e-04 -5.93224977e-05
     8.08304903e-05  4.16028670e-05  2.01963194e-04 -4.94985761e-05
    -6.77381395e-05  6.93545953e-05  0.00000000e+00  0.00000000e+00]]]]
-----
grad 4: min -0.002028348855674267, max 0.0022175575140863657, mean -2.5530156563036144e-05, std 0.00046447868226096034
[[[[-3.98106567e-06  1.42307090e-05  2.48128472e-05 -1.41998011e-04
     1.16619242e-06  7.32414628e-05  2.52085283e-05  1.41570432e-04
    -1.36646573e-04  1.12484558e-04  3.38573700e-05  1.19306009e-04
    -1.73566790e-04  1.45506692e-05 -3.12898228e-05 -7.33264387e-05
     2.11154300e-04  8.08188415e-05 -7.09596789e-05 -1.28302869e-04
    -2.11151801e-05 -1.40158983e-04 -1.77995375e-04  4.44790021e-05
    -3.95064671e-05  3.49458060e-05  5.53697100e-05 -6.62074626e-06]
   [ 1.14382392e-05 -5.58151842e-05  8.94528494e-05 -2.03997188e-05
     3.73738835e-08  1.15115559e-04 -3.42362705e-06 -9.67862979e-06
    -2.95790924e-05  1.59720701e-04 -2.12845916e-04  1.23177422e-04
    -1.76773494e-04 -1.08061009e-04  1.50591688e-06  1.74377899e-04
    -2.97864995e-06 -9.70217661e-05 -3.71067203e-04 -6.28017224e-05
    -1.66391023e-04  1.51072280e-04  2.23195311e-04  6.22627558e-05
    -1.44691840e-05  1.45862956e-04 -1.24285696e-04  1.87237565e-05]
   [-1.40576358e-05 -1.03283055e-05 -8.70620133e-05 -1.54950380e-04
     1.80149160e-04 -2.83641966e-05 -5.95794481e-05  2.84024602e-04
    -4.42727287e-05  3.26868932e-04  1.25632941e-04  4.13035705e-05
    -4.41797252e-04  3.62945750e-04  1.55749411e-04  3.08818417e-05
    -1.60952637e-04 -2.81047833e-05 -4.60686220e-04  3.22423963e-04
    -3.37503938e-04 -1.41965298e-04  2.08190366e-04  1.05252730e-04
    -4.35671449e-04  3.48475041e-05 -1.60715917e-05  1.77531947e-05]
   [ 1.71705540e-06 -2.35051572e-04  1.91338331e-04  2.74218201e-06
     1.61289470e-04  1.85488898e-05 -1.97711444e-04  4.24678205e-04
    -6.59405312e-04 -3.69347072e-05 -1.45018901e-04 -4.16254363e-04
     6.07020484e-05  1.90788312e-04 -6.42888263e-05  4.66786005e-05
     3.16151069e-04  2.35504544e-04 -5.45163988e-04 -1.56199894e-04
     3.34173965e-04 -2.16812070e-04 -8.84350884e-05  4.77877096e-04
     2.34215258e-05 -3.74796582e-05  3.06527130e-04 -7.65019140e-05]
   [ 5.61215711e-05  1.42442659e-04 -1.82304837e-04 -6.40783983e-04
    -1.06437430e-04  2.50873854e-04 -7.78695976e-04 -1.52863722e-04
    -1.55613860e-04  5.69471275e-04 -3.18949111e-04  9.60684905e-04
    -7.93345738e-04  1.62164652e-04 -1.15853921e-03  1.06386047e-04
    -8.33838058e-05  7.41728174e-04  3.40012426e-04  3.22988890e-05
     1.60241022e-03 -3.15221077e-05  3.38065845e-04  7.09337692e-05
    -2.81996938e-04 -1.51220476e-04 -6.52148674e-06  9.36081269e-05]
   [ 7.49479368e-05 -2.25297830e-04 -1.47198647e-04 -1.92269305e-04
    -4.23814345e-04  3.96924239e-04 -5.22396236e-04  5.19509369e-04
     4.15323157e-04  6.61560698e-05  1.03835388e-04  5.43021946e-04
     3.22296604e-04  1.27764128e-04 -4.46745835e-04  1.83880446e-04
     1.00373836e-04  7.74437445e-04  3.84254701e-04  8.10723926e-04
    -1.21478033e-05 -8.90164694e-04 -4.77337715e-04 -1.71409396e-04
     3.66515014e-04  3.13617435e-04 -3.72250041e-04  2.27520413e-05]
   [-1.39959811e-04 -4.54016918e-05 -3.13141965e-04  4.07077605e-04
    -9.00299870e-04  2.97373830e-04 -9.30235256e-04 -1.97860936e-04
     1.13605533e-03 -2.50870246e-04  1.01886690e-03  1.14215130e-04
    -1.40926254e-03 -5.96072292e-04 -1.08806905e-03 -5.27294877e-04
     6.05770074e-05 -4.29116044e-04 -2.24871212e-04  5.11038292e-04
     1.03574083e-03 -1.01801730e-03  8.21859227e-04 -5.20772628e-05
    -5.56327461e-04  1.25959705e-04  5.30079815e-05 -5.10123718e-05]
   [-1.65113684e-04  1.64662270e-04 -1.60013442e-04  5.90883137e-04
     1.70913961e-04  4.98266163e-05  7.11589470e-04  8.62054294e-04
     7.20428070e-04  3.88998189e-04 -3.12501681e-04 -2.24504358e-04
     1.02849735e-04  3.10794450e-04 -1.77973023e-04 -1.81922561e-03
    -9.24619671e-04 -6.65921034e-05  7.61391013e-04 -2.12038271e-04
     3.76882148e-04 -1.00928021e-03  9.25338943e-04  4.54751571e-04
    -3.37991049e-04  6.82639002e-05  6.37510384e-05 -7.42424672e-05]
   [-2.10348098e-05 -2.22842224e-04 -4.56264970e-04  2.65317558e-05
    -1.61748903e-04  3.06376314e-04 -3.18961887e-04 -4.47023456e-04
    -9.68751192e-05 -1.34858803e-03  8.17927648e-04  5.69298049e-04
    -6.89859269e-04 -7.17573042e-04 -7.68713886e-04  1.71207648e-04
    -4.55970876e-04  8.61469365e-04 -1.56903043e-04 -7.08528678e-04
     6.29447110e-04  7.22358600e-05 -3.33740812e-04 -3.77645134e-04
     4.30016335e-05  1.32472676e-04  1.35680355e-04  9.95930895e-05]
   [-8.28809862e-05  5.70775701e-05 -7.83352789e-06  6.98928081e-04
    -6.47063061e-05  7.69675709e-04  4.72856482e-04 -7.84644333e-04
     3.03458510e-04  3.47089925e-04  9.90996137e-04  7.16846960e-04
    -1.67358154e-03 -3.53068637e-04 -2.54190876e-04  2.13258958e-04
     4.49872052e-04  6.93569134e-04  4.92503808e-04 -1.28745945e-04
     9.92212095e-04 -1.23371149e-03  5.60822773e-05 -5.61403984e-04
    -4.27966530e-04  1.55728878e-04 -1.36106071e-04 -1.39230571e-04]
   [ 1.32557441e-04 -6.80698577e-05  9.90645844e-04  5.06733777e-04
    -6.69628324e-04 -5.67184121e-04 -3.72549286e-04  3.60993989e-04
     5.96421654e-04  1.75461770e-04 -7.85175071e-04 -1.28506776e-03
    -8.92517914e-04  6.87187479e-04 -1.22583564e-03 -1.60988682e-04
    -2.02834886e-03  3.96520045e-04 -6.95200753e-04 -8.45973918e-05
     5.58311178e-04 -8.40933179e-04 -3.24027729e-04 -5.38454507e-04
     2.62853369e-04 -9.13901295e-06 -3.79708101e-04  1.23121412e-04]
   [ 4.36787968e-06  6.31637158e-05  1.40179778e-04  8.26153846e-05
    -4.60053270e-05 -2.06766359e-04  4.48033825e-04  5.02964191e-04
    -4.27224295e-04 -3.28198279e-04 -1.39227141e-05 -2.31597543e-04
    -7.33131252e-04  2.77827028e-04 -6.79397781e-04 -1.26869243e-04
    -6.78315351e-04  5.52113808e-04 -4.95551831e-05  1.38656260e-03
     1.68802275e-03 -4.64290388e-05  5.94415178e-04 -3.10631061e-04
    -2.93751829e-04 -1.19675475e-04  4.41758966e-05 -1.23512273e-05]
   [-3.73558905e-05  1.64569385e-04  5.73087833e-04 -1.48690495e-04
     1.71491425e-04 -3.19719140e-04  1.24965585e-03 -8.31624784e-04
     2.84055513e-05 -2.09874939e-04  1.48041421e-04  1.11314803e-04
    -6.38389902e-04  6.24459819e-04  7.14590497e-05  6.16115040e-06
    -6.74762239e-04  3.79977399e-04 -1.83047261e-04  5.91997668e-05
     1.16730691e-03 -8.47208779e-04  3.14078265e-04  1.20607110e-05
    -8.49668111e-04  1.87849422e-04  1.31304216e-04  9.48066918e-06]
   [ 1.25152888e-04 -4.64584309e-06 -3.01659693e-05  5.07078257e-05
    -1.40996359e-04 -2.74306105e-04  4.01691970e-04  1.77273061e-04
    -8.83717148e-04  2.50731682e-04  3.85776977e-04  8.22690083e-04
    -5.13247389e-04  3.06431873e-04 -8.33010767e-04 -2.21081733e-04
    -3.15427431e-04 -9.53129376e-04 -5.61289780e-04 -1.15320913e-03
     5.65856999e-06 -2.57296546e-04 -4.19012416e-04 -3.18659411e-04
    -9.62901977e-05  7.14316207e-04 -1.39003649e-04 -3.87197033e-05]
   [ 1.00089579e-04  4.70204614e-05 -1.25944571e-04 -3.72498253e-05
     5.21278474e-04  3.38236314e-05  6.82577083e-04 -2.96383805e-04
     3.56623670e-04 -3.92795133e-04  7.95714950e-05  1.97061570e-04
    -1.19796314e-03 -1.44799444e-04  4.63185599e-04  2.85476766e-04
     1.09720684e-04 -1.57600676e-04 -2.42997645e-04 -6.64877007e-04
     3.96752876e-04 -1.83923534e-04 -4.01236670e-04 -4.99674003e-04
     1.03944956e-04 -3.77221353e-04  2.10910381e-04 -1.20874203e-04]
   [ 1.03439117e-04 -9.64025967e-05  3.01545369e-04  5.09341946e-04
     6.08908536e-04 -7.38968898e-04 -5.30781574e-04 -7.56629568e-04
     5.61623427e-04 -1.18580740e-03 -4.13878704e-04  2.70436838e-04
    -6.00264524e-04  3.27804766e-04 -2.01998767e-03  5.47138916e-04
    -1.96453941e-04  5.11882317e-05 -1.28365506e-03 -4.17649717e-04
    -6.72359456e-05 -1.20308972e-03  8.37326923e-04  2.98207335e-04
    -4.93615771e-05  4.14096372e-04  6.11332362e-05  2.06455908e-04]
   [-1.66178623e-04 -9.29329763e-05  3.30110604e-04  1.00545592e-04
     2.49841396e-04 -8.73089826e-04  2.07182413e-04 -5.59720029e-05
    -5.48821699e-04 -4.62794887e-05 -2.95513775e-04  1.86482037e-03
    -5.73304773e-04  5.21657581e-04 -3.85680236e-04 -2.23893076e-04
     1.72612214e-04 -3.70822556e-04  4.56976180e-04  4.68185826e-05
     6.83707985e-05  1.25120278e-04  3.53606047e-05 -1.75451096e-05
    -5.47818272e-05  5.59999782e-04  2.50445679e-04  8.27203439e-06]
   [ 2.29130412e-04 -1.49778934e-04  6.40376587e-04  2.22349074e-04
    -1.15079645e-04 -1.87304715e-04 -7.15218412e-05  1.37919924e-04
    -3.25938105e-04  1.23861479e-04 -1.01806398e-03 -1.14267714e-04
    -1.30448549e-03  5.92951488e-04 -7.47556624e-04  5.49394579e-04
    -9.16122517e-04 -2.41891597e-04 -1.33822835e-03  7.00880541e-04
    -5.59782435e-04 -3.93632101e-04  1.16369505e-04 -1.16627896e-03
     6.68595545e-04  2.62982998e-04 -2.11949402e-04 -1.02223014e-04]
   [-6.41117231e-06 -2.01363218e-04 -2.31734986e-04 -7.18021241e-04
    -7.36170987e-05 -2.18604691e-04  3.25369969e-04 -4.43615543e-04
     3.98476433e-04 -6.13910786e-04 -2.40074049e-04  2.48061988e-04
    -8.54030310e-04  2.21755751e-03 -9.51157650e-04 -3.94445378e-04
    -1.20035649e-04 -7.80902046e-04 -3.38933809e-04 -5.61669185e-05
    -7.27863342e-04  3.29895083e-05  4.00111516e-04  2.45304604e-04
    -1.79379975e-04 -3.45479784e-04 -1.81516123e-04 -3.31505507e-05]
   [-9.63874481e-05 -1.43232319e-04  1.83704804e-04 -5.22702503e-05
     6.49614434e-04 -2.60503963e-04  4.25226521e-04 -4.84798278e-04
     7.92476203e-05  1.46343373e-04 -3.43135835e-05 -4.62388089e-05
     6.37089077e-04  4.09059488e-04 -1.43357459e-03  4.82912321e-04
     8.43460148e-04  3.67878674e-04 -3.94694420e-04 -1.04203925e-03
    -5.74098784e-04 -1.60832540e-04 -2.56538042e-04 -6.87750231e-04
     1.99260277e-04 -6.55822165e-04  8.95731791e-05  1.44050922e-04]
   [ 1.53294313e-04  2.47880998e-05 -2.00352806e-04  2.89144315e-04
     9.99404510e-05 -4.07050393e-04  4.51051630e-04 -3.00407759e-04
     2.90130818e-04 -4.13102214e-04 -7.24354410e-04  5.12684346e-04
     5.19486202e-04  1.91592437e-04 -9.10758245e-05 -2.27717264e-05
     8.81569460e-04 -4.69638937e-04 -6.22261781e-04  8.09448713e-04
    -2.06542129e-04 -2.58044573e-04  1.86804809e-05 -4.05895495e-04
     8.38734850e-05 -2.46132287e-04 -2.24076459e-04  1.68257058e-04]
   [-2.49838602e-04 -8.34805032e-05  1.93685875e-04  5.03687188e-04
     3.92537768e-04 -3.95171723e-04  3.22798995e-04 -7.85918033e-04
    -3.22398235e-04 -2.92976794e-04  4.67359117e-04 -3.83839244e-04
     8.76326580e-04 -1.15548955e-05 -4.26783576e-04 -1.65972044e-04
    -1.03386832e-04  1.01963838e-03  3.35215067e-04 -8.94161465e-04
     4.00188670e-04 -1.87562022e-04  8.00668611e-04 -1.45490339e-04
     1.30703513e-04  3.65584798e-04 -5.56537780e-05  4.20244623e-06]
   [ 9.06903224e-05  3.58098732e-05 -3.84677318e-04  3.21336614e-04
     2.37637054e-04  1.60223062e-04  4.36759547e-05 -3.76932352e-04
    -6.93288530e-05  1.88427555e-04 -5.41948364e-04 -1.40556600e-04
     1.09289547e-04 -1.10164372e-04  9.16931953e-04  1.23075000e-03
    -2.53484817e-04  7.42083183e-04 -6.72785915e-04 -1.09865912e-03
     1.56147289e-04  5.73113328e-04  6.68591994e-04 -5.74101054e-04
     2.87150149e-04  7.96479508e-05 -9.03767068e-05  2.61092573e-05]
   [-2.31272279e-04 -4.55071131e-05  2.66354109e-05  3.65495187e-04
     2.26756267e-04 -3.03680106e-04  2.54270853e-04  2.68188131e-04
     8.25029638e-05  8.70054530e-04 -2.85768969e-04 -3.76229611e-04
    -3.96743853e-04 -4.14733746e-04 -4.59318362e-05  4.12876747e-04
     2.85325543e-04  2.44815426e-04  2.84301961e-04 -1.04080944e-04
     2.91592005e-04 -3.38027050e-04  2.57011910e-04 -1.40096934e-04
     3.61521408e-04 -2.40796726e-04 -5.33011989e-05  1.13460468e-04]
   [ 1.59059025e-04  1.62813943e-04 -2.95757491e-04  3.65229107e-06
    -1.18428230e-04 -2.89851276e-04  4.84255783e-04  6.02969203e-06
    -5.84253467e-05  2.79138534e-04 -2.32069578e-04 -4.21055418e-04
    -2.54948449e-04  7.78340560e-04 -7.93280022e-04  3.99041659e-04
    -3.10569631e-05  2.99539621e-04 -1.74755376e-04  3.59156955e-04
     2.79617198e-05 -2.53171078e-04 -2.52581754e-04  2.20966234e-04
    -1.50277974e-05  1.31013867e-05  9.95992959e-05 -3.44962682e-05]
   [-8.26303221e-05 -8.39639961e-06 -6.39519203e-05  2.09942649e-04
    -6.65431580e-05 -4.02162754e-04  4.60526033e-04  3.61678016e-04
     2.62976682e-04  4.06934778e-05 -1.70967280e-04  4.72632179e-04
    -2.31079548e-06  3.13243072e-05 -3.00724205e-04 -4.67716425e-04
    -2.90331402e-04 -1.05899599e-04  6.16317906e-04 -7.32688786e-05
    -1.91570609e-04 -3.42583604e-04 -9.01929088e-05  1.19049560e-04
    -1.40313015e-04 -1.43369878e-04  6.25896209e-05  0.00000000e+00]
   [ 9.51222755e-05  6.60435835e-05 -1.78507646e-04  8.70060685e-05
    -7.55570290e-05 -6.83083781e-05  2.17239663e-04  8.25726966e-05
     6.05223613e-05  1.19160984e-04 -1.42049001e-04  2.54578714e-04
     2.01320057e-04 -4.92910855e-04 -8.79504441e-05 -7.85512748e-05
     3.48392932e-04 -1.47995350e-04 -1.23043123e-04  4.05131083e-04
    -6.92715548e-05 -2.32994920e-04  9.58826495e-05 -3.37872552e-05
     5.16492837e-05 -9.37528748e-05  9.85908173e-07  0.00000000e+00]
   [ 0.00000000e+00  0.00000000e+00  1.17870513e-05  4.57631395e-05
    -1.12582065e-05 -2.56005987e-05  8.82323875e-05  6.06844769e-05
    -1.53653800e-05 -4.01054131e-05 -3.99898163e-05 -6.07501024e-05
     6.78232391e-05 -4.62145763e-05  2.12000941e-05 -1.14489121e-05
     1.05366686e-04  2.55924766e-04 -1.05973289e-04 -5.93224977e-05
     8.08304903e-05  4.16028670e-05  2.01963194e-04 -4.94985761e-05
    -6.77381395e-05  6.93545953e-05  0.00000000e+00  0.00000000e+00]]]]
-----
grad 5: min -0.002028348855674267, max 0.0022175575140863657, mean -2.5530156563036144e-05, std 0.00046447868226096034
[[[[-3.98106567e-06  1.42307090e-05  2.48128472e-05 -1.41998011e-04
     1.16619242e-06  7.32414628e-05  2.52085283e-05  1.41570432e-04
    -1.36646573e-04  1.12484558e-04  3.38573700e-05  1.19306009e-04
    -1.73566790e-04  1.45506692e-05 -3.12898228e-05 -7.33264387e-05
     2.11154300e-04  8.08188415e-05 -7.09596789e-05 -1.28302869e-04
    -2.11151801e-05 -1.40158983e-04 -1.77995375e-04  4.44790021e-05
    -3.95064671e-05  3.49458060e-05  5.53697100e-05 -6.62074626e-06]
   [ 1.14382392e-05 -5.58151842e-05  8.94528494e-05 -2.03997188e-05
     3.73738835e-08  1.15115559e-04 -3.42362705e-06 -9.67862979e-06
    -2.95790924e-05  1.59720701e-04 -2.12845916e-04  1.23177422e-04
    -1.76773494e-04 -1.08061009e-04  1.50591688e-06  1.74377899e-04
    -2.97864995e-06 -9.70217661e-05 -3.71067203e-04 -6.28017224e-05
    -1.66391023e-04  1.51072280e-04  2.23195311e-04  6.22627558e-05
    -1.44691840e-05  1.45862956e-04 -1.24285696e-04  1.87237565e-05]
   [-1.40576358e-05 -1.03283055e-05 -8.70620133e-05 -1.54950380e-04
     1.80149160e-04 -2.83641966e-05 -5.95794481e-05  2.84024602e-04
    -4.42727287e-05  3.26868932e-04  1.25632941e-04  4.13035705e-05
    -4.41797252e-04  3.62945750e-04  1.55749411e-04  3.08818417e-05
    -1.60952637e-04 -2.81047833e-05 -4.60686220e-04  3.22423963e-04
    -3.37503938e-04 -1.41965298e-04  2.08190366e-04  1.05252730e-04
    -4.35671449e-04  3.48475041e-05 -1.60715917e-05  1.77531947e-05]
   [ 1.71705540e-06 -2.35051572e-04  1.91338331e-04  2.74218201e-06
     1.61289470e-04  1.85488898e-05 -1.97711444e-04  4.24678205e-04
    -6.59405312e-04 -3.69347072e-05 -1.45018901e-04 -4.16254363e-04
     6.07020484e-05  1.90788312e-04 -6.42888263e-05  4.66786005e-05
     3.16151069e-04  2.35504544e-04 -5.45163988e-04 -1.56199894e-04
     3.34173965e-04 -2.16812070e-04 -8.84350884e-05  4.77877096e-04
     2.34215258e-05 -3.74796582e-05  3.06527130e-04 -7.65019140e-05]
   [ 5.61215711e-05  1.42442659e-04 -1.82304837e-04 -6.40783983e-04
    -1.06437430e-04  2.50873854e-04 -7.78695976e-04 -1.52863722e-04
    -1.55613860e-04  5.69471275e-04 -3.18949111e-04  9.60684905e-04
    -7.93345738e-04  1.62164652e-04 -1.15853921e-03  1.06386047e-04
    -8.33838058e-05  7.41728174e-04  3.40012426e-04  3.22988890e-05
     1.60241022e-03 -3.15221077e-05  3.38065845e-04  7.09337692e-05
    -2.81996938e-04 -1.51220476e-04 -6.52148674e-06  9.36081269e-05]
   [ 7.49479368e-05 -2.25297830e-04 -1.47198647e-04 -1.92269305e-04
    -4.23814345e-04  3.96924239e-04 -5.22396236e-04  5.19509369e-04
     4.15323157e-04  6.61560698e-05  1.03835388e-04  5.43021946e-04
     3.22296604e-04  1.27764128e-04 -4.46745835e-04  1.83880446e-04
     1.00373836e-04  7.74437445e-04  3.84254701e-04  8.10723926e-04
    -1.21478033e-05 -8.90164694e-04 -4.77337715e-04 -1.71409396e-04
     3.66515014e-04  3.13617435e-04 -3.72250041e-04  2.27520413e-05]
   [-1.39959811e-04 -4.54016918e-05 -3.13141965e-04  4.07077605e-04
    -9.00299870e-04  2.97373830e-04 -9.30235256e-04 -1.97860936e-04
     1.13605533e-03 -2.50870246e-04  1.01886690e-03  1.14215130e-04
    -1.40926254e-03 -5.96072292e-04 -1.08806905e-03 -5.27294877e-04
     6.05770074e-05 -4.29116044e-04 -2.24871212e-04  5.11038292e-04
     1.03574083e-03 -1.01801730e-03  8.21859227e-04 -5.20772628e-05
    -5.56327461e-04  1.25959705e-04  5.30079815e-05 -5.10123718e-05]
   [-1.65113684e-04  1.64662270e-04 -1.60013442e-04  5.90883137e-04
     1.70913961e-04  4.98266163e-05  7.11589470e-04  8.62054294e-04
     7.20428070e-04  3.88998189e-04 -3.12501681e-04 -2.24504358e-04
     1.02849735e-04  3.10794450e-04 -1.77973023e-04 -1.81922561e-03
    -9.24619671e-04 -6.65921034e-05  7.61391013e-04 -2.12038271e-04
     3.76882148e-04 -1.00928021e-03  9.25338943e-04  4.54751571e-04
    -3.37991049e-04  6.82639002e-05  6.37510384e-05 -7.42424672e-05]
   [-2.10348098e-05 -2.22842224e-04 -4.56264970e-04  2.65317558e-05
    -1.61748903e-04  3.06376314e-04 -3.18961887e-04 -4.47023456e-04
    -9.68751192e-05 -1.34858803e-03  8.17927648e-04  5.69298049e-04
    -6.89859269e-04 -7.17573042e-04 -7.68713886e-04  1.71207648e-04
    -4.55970876e-04  8.61469365e-04 -1.56903043e-04 -7.08528678e-04
     6.29447110e-04  7.22358600e-05 -3.33740812e-04 -3.77645134e-04
     4.30016335e-05  1.32472676e-04  1.35680355e-04  9.95930895e-05]
   [-8.28809862e-05  5.70775701e-05 -7.83352789e-06  6.98928081e-04
    -6.47063061e-05  7.69675709e-04  4.72856482e-04 -7.84644333e-04
     3.03458510e-04  3.47089925e-04  9.90996137e-04  7.16846960e-04
    -1.67358154e-03 -3.53068637e-04 -2.54190876e-04  2.13258958e-04
     4.49872052e-04  6.93569134e-04  4.92503808e-04 -1.28745945e-04
     9.92212095e-04 -1.23371149e-03  5.60822773e-05 -5.61403984e-04
    -4.27966530e-04  1.55728878e-04 -1.36106071e-04 -1.39230571e-04]
   [ 1.32557441e-04 -6.80698577e-05  9.90645844e-04  5.06733777e-04
    -6.69628324e-04 -5.67184121e-04 -3.72549286e-04  3.60993989e-04
     5.96421654e-04  1.75461770e-04 -7.85175071e-04 -1.28506776e-03
    -8.92517914e-04  6.87187479e-04 -1.22583564e-03 -1.60988682e-04
    -2.02834886e-03  3.96520045e-04 -6.95200753e-04 -8.45973918e-05
     5.58311178e-04 -8.40933179e-04 -3.24027729e-04 -5.38454507e-04
     2.62853369e-04 -9.13901295e-06 -3.79708101e-04  1.23121412e-04]
   [ 4.36787968e-06  6.31637158e-05  1.40179778e-04  8.26153846e-05
    -4.60053270e-05 -2.06766359e-04  4.48033825e-04  5.02964191e-04
    -4.27224295e-04 -3.28198279e-04 -1.39227141e-05 -2.31597543e-04
    -7.33131252e-04  2.77827028e-04 -6.79397781e-04 -1.26869243e-04
    -6.78315351e-04  5.52113808e-04 -4.95551831e-05  1.38656260e-03
     1.68802275e-03 -4.64290388e-05  5.94415178e-04 -3.10631061e-04
    -2.93751829e-04 -1.19675475e-04  4.41758966e-05 -1.23512273e-05]
   [-3.73558905e-05  1.64569385e-04  5.73087833e-04 -1.48690495e-04
     1.71491425e-04 -3.19719140e-04  1.24965585e-03 -8.31624784e-04
     2.84055513e-05 -2.09874939e-04  1.48041421e-04  1.11314803e-04
    -6.38389902e-04  6.24459819e-04  7.14590497e-05  6.16115040e-06
    -6.74762239e-04  3.79977399e-04 -1.83047261e-04  5.91997668e-05
     1.16730691e-03 -8.47208779e-04  3.14078265e-04  1.20607110e-05
    -8.49668111e-04  1.87849422e-04  1.31304216e-04  9.48066918e-06]
   [ 1.25152888e-04 -4.64584309e-06 -3.01659693e-05  5.07078257e-05
    -1.40996359e-04 -2.74306105e-04  4.01691970e-04  1.77273061e-04
    -8.83717148e-04  2.50731682e-04  3.85776977e-04  8.22690083e-04
    -5.13247389e-04  3.06431873e-04 -8.33010767e-04 -2.21081733e-04
    -3.15427431e-04 -9.53129376e-04 -5.61289780e-04 -1.15320913e-03
     5.65856999e-06 -2.57296546e-04 -4.19012416e-04 -3.18659411e-04
    -9.62901977e-05  7.14316207e-04 -1.39003649e-04 -3.87197033e-05]
   [ 1.00089579e-04  4.70204614e-05 -1.25944571e-04 -3.72498253e-05
     5.21278474e-04  3.38236314e-05  6.82577083e-04 -2.96383805e-04
     3.56623670e-04 -3.92795133e-04  7.95714950e-05  1.97061570e-04
    -1.19796314e-03 -1.44799444e-04  4.63185599e-04  2.85476766e-04
     1.09720684e-04 -1.57600676e-04 -2.42997645e-04 -6.64877007e-04
     3.96752876e-04 -1.83923534e-04 -4.01236670e-04 -4.99674003e-04
     1.03944956e-04 -3.77221353e-04  2.10910381e-04 -1.20874203e-04]
   [ 1.03439117e-04 -9.64025967e-05  3.01545369e-04  5.09341946e-04
     6.08908536e-04 -7.38968898e-04 -5.30781574e-04 -7.56629568e-04
     5.61623427e-04 -1.18580740e-03 -4.13878704e-04  2.70436838e-04
    -6.00264524e-04  3.27804766e-04 -2.01998767e-03  5.47138916e-04
    -1.96453941e-04  5.11882317e-05 -1.28365506e-03 -4.17649717e-04
    -6.72359456e-05 -1.20308972e-03  8.37326923e-04  2.98207335e-04
    -4.93615771e-05  4.14096372e-04  6.11332362e-05  2.06455908e-04]
   [-1.66178623e-04 -9.29329763e-05  3.30110604e-04  1.00545592e-04
     2.49841396e-04 -8.73089826e-04  2.07182413e-04 -5.59720029e-05
    -5.48821699e-04 -4.62794887e-05 -2.95513775e-04  1.86482037e-03
    -5.73304773e-04  5.21657581e-04 -3.85680236e-04 -2.23893076e-04
     1.72612214e-04 -3.70822556e-04  4.56976180e-04  4.68185826e-05
     6.83707985e-05  1.25120278e-04  3.53606047e-05 -1.75451096e-05
    -5.47818272e-05  5.59999782e-04  2.50445679e-04  8.27203439e-06]
   [ 2.29130412e-04 -1.49778934e-04  6.40376587e-04  2.22349074e-04
    -1.15079645e-04 -1.87304715e-04 -7.15218412e-05  1.37919924e-04
    -3.25938105e-04  1.23861479e-04 -1.01806398e-03 -1.14267714e-04
    -1.30448549e-03  5.92951488e-04 -7.47556624e-04  5.49394579e-04
    -9.16122517e-04 -2.41891597e-04 -1.33822835e-03  7.00880541e-04
    -5.59782435e-04 -3.93632101e-04  1.16369505e-04 -1.16627896e-03
     6.68595545e-04  2.62982998e-04 -2.11949402e-04 -1.02223014e-04]
   [-6.41117231e-06 -2.01363218e-04 -2.31734986e-04 -7.18021241e-04
    -7.36170987e-05 -2.18604691e-04  3.25369969e-04 -4.43615543e-04
     3.98476433e-04 -6.13910786e-04 -2.40074049e-04  2.48061988e-04
    -8.54030310e-04  2.21755751e-03 -9.51157650e-04 -3.94445378e-04
    -1.20035649e-04 -7.80902046e-04 -3.38933809e-04 -5.61669185e-05
    -7.27863342e-04  3.29895083e-05  4.00111516e-04  2.45304604e-04
    -1.79379975e-04 -3.45479784e-04 -1.81516123e-04 -3.31505507e-05]
   [-9.63874481e-05 -1.43232319e-04  1.83704804e-04 -5.22702503e-05
     6.49614434e-04 -2.60503963e-04  4.25226521e-04 -4.84798278e-04
     7.92476203e-05  1.46343373e-04 -3.43135835e-05 -4.62388089e-05
     6.37089077e-04  4.09059488e-04 -1.43357459e-03  4.82912321e-04
     8.43460148e-04  3.67878674e-04 -3.94694420e-04 -1.04203925e-03
    -5.74098784e-04 -1.60832540e-04 -2.56538042e-04 -6.87750231e-04
     1.99260277e-04 -6.55822165e-04  8.95731791e-05  1.44050922e-04]
   [ 1.53294313e-04  2.47880998e-05 -2.00352806e-04  2.89144315e-04
     9.99404510e-05 -4.07050393e-04  4.51051630e-04 -3.00407759e-04
     2.90130818e-04 -4.13102214e-04 -7.24354410e-04  5.12684346e-04
     5.19486202e-04  1.91592437e-04 -9.10758245e-05 -2.27717264e-05
     8.81569460e-04 -4.69638937e-04 -6.22261781e-04  8.09448713e-04
    -2.06542129e-04 -2.58044573e-04  1.86804809e-05 -4.05895495e-04
     8.38734850e-05 -2.46132287e-04 -2.24076459e-04  1.68257058e-04]
   [-2.49838602e-04 -8.34805032e-05  1.93685875e-04  5.03687188e-04
     3.92537768e-04 -3.95171723e-04  3.22798995e-04 -7.85918033e-04
    -3.22398235e-04 -2.92976794e-04  4.67359117e-04 -3.83839244e-04
     8.76326580e-04 -1.15548955e-05 -4.26783576e-04 -1.65972044e-04
    -1.03386832e-04  1.01963838e-03  3.35215067e-04 -8.94161465e-04
     4.00188670e-04 -1.87562022e-04  8.00668611e-04 -1.45490339e-04
     1.30703513e-04  3.65584798e-04 -5.56537780e-05  4.20244623e-06]
   [ 9.06903224e-05  3.58098732e-05 -3.84677318e-04  3.21336614e-04
     2.37637054e-04  1.60223062e-04  4.36759547e-05 -3.76932352e-04
    -6.93288530e-05  1.88427555e-04 -5.41948364e-04 -1.40556600e-04
     1.09289547e-04 -1.10164372e-04  9.16931953e-04  1.23075000e-03
    -2.53484817e-04  7.42083183e-04 -6.72785915e-04 -1.09865912e-03
     1.56147289e-04  5.73113328e-04  6.68591994e-04 -5.74101054e-04
     2.87150149e-04  7.96479508e-05 -9.03767068e-05  2.61092573e-05]
   [-2.31272279e-04 -4.55071131e-05  2.66354109e-05  3.65495187e-04
     2.26756267e-04 -3.03680106e-04  2.54270853e-04  2.68188131e-04
     8.25029638e-05  8.70054530e-04 -2.85768969e-04 -3.76229611e-04
    -3.96743853e-04 -4.14733746e-04 -4.59318362e-05  4.12876747e-04
     2.85325543e-04  2.44815426e-04  2.84301961e-04 -1.04080944e-04
     2.91592005e-04 -3.38027050e-04  2.57011910e-04 -1.40096934e-04
     3.61521408e-04 -2.40796726e-04 -5.33011989e-05  1.13460468e-04]
   [ 1.59059025e-04  1.62813943e-04 -2.95757491e-04  3.65229107e-06
    -1.18428230e-04 -2.89851276e-04  4.84255783e-04  6.02969203e-06
    -5.84253467e-05  2.79138534e-04 -2.32069578e-04 -4.21055418e-04
    -2.54948449e-04  7.78340560e-04 -7.93280022e-04  3.99041659e-04
    -3.10569631e-05  2.99539621e-04 -1.74755376e-04  3.59156955e-04
     2.79617198e-05 -2.53171078e-04 -2.52581754e-04  2.20966234e-04
    -1.50277974e-05  1.31013867e-05  9.95992959e-05 -3.44962682e-05]
   [-8.26303221e-05 -8.39639961e-06 -6.39519203e-05  2.09942649e-04
    -6.65431580e-05 -4.02162754e-04  4.60526033e-04  3.61678016e-04
     2.62976682e-04  4.06934778e-05 -1.70967280e-04  4.72632179e-04
    -2.31079548e-06  3.13243072e-05 -3.00724205e-04 -4.67716425e-04
    -2.90331402e-04 -1.05899599e-04  6.16317906e-04 -7.32688786e-05
    -1.91570609e-04 -3.42583604e-04 -9.01929088e-05  1.19049560e-04
    -1.40313015e-04 -1.43369878e-04  6.25896209e-05  0.00000000e+00]
   [ 9.51222755e-05  6.60435835e-05 -1.78507646e-04  8.70060685e-05
    -7.55570290e-05 -6.83083781e-05  2.17239663e-04  8.25726966e-05
     6.05223613e-05  1.19160984e-04 -1.42049001e-04  2.54578714e-04
     2.01320057e-04 -4.92910855e-04 -8.79504441e-05 -7.85512748e-05
     3.48392932e-04 -1.47995350e-04 -1.23043123e-04  4.05131083e-04
    -6.92715548e-05 -2.32994920e-04  9.58826495e-05 -3.37872552e-05
     5.16492837e-05 -9.37528748e-05  9.85908173e-07  0.00000000e+00]
   [ 0.00000000e+00  0.00000000e+00  1.17870513e-05  4.57631395e-05
    -1.12582065e-05 -2.56005987e-05  8.82323875e-05  6.06844769e-05
    -1.53653800e-05 -4.01054131e-05 -3.99898163e-05 -6.07501024e-05
     6.78232391e-05 -4.62145763e-05  2.12000941e-05 -1.14489121e-05
     1.05366686e-04  2.55924766e-04 -1.05973289e-04 -5.93224977e-05
     8.08304903e-05  4.16028670e-05  2.01963194e-04 -4.94985761e-05
    -6.77381395e-05  6.93545953e-05  0.00000000e+00  0.00000000e+00]]]]
-----
grad 6: min -0.002028348855674267, max 0.0022175575140863657, mean -2.5530156563036144e-05, std 0.00046447868226096034
[[[[-3.98106567e-06  1.42307090e-05  2.48128472e-05 -1.41998011e-04
     1.16619242e-06  7.32414628e-05  2.52085283e-05  1.41570432e-04
    -1.36646573e-04  1.12484558e-04  3.38573700e-05  1.19306009e-04
    -1.73566790e-04  1.45506692e-05 -3.12898228e-05 -7.33264387e-05
     2.11154300e-04  8.08188415e-05 -7.09596789e-05 -1.28302869e-04
    -2.11151801e-05 -1.40158983e-04 -1.77995375e-04  4.44790021e-05
    -3.95064671e-05  3.49458060e-05  5.53697100e-05 -6.62074626e-06]
   [ 1.14382392e-05 -5.58151842e-05  8.94528494e-05 -2.03997188e-05
     3.73738835e-08  1.15115559e-04 -3.42362705e-06 -9.67862979e-06
    -2.95790924e-05  1.59720701e-04 -2.12845916e-04  1.23177422e-04
    -1.76773494e-04 -1.08061009e-04  1.50591688e-06  1.74377899e-04
    -2.97864995e-06 -9.70217661e-05 -3.71067203e-04 -6.28017224e-05
    -1.66391023e-04  1.51072280e-04  2.23195311e-04  6.22627558e-05
    -1.44691840e-05  1.45862956e-04 -1.24285696e-04  1.87237565e-05]
   [-1.40576358e-05 -1.03283055e-05 -8.70620133e-05 -1.54950380e-04
     1.80149160e-04 -2.83641966e-05 -5.95794481e-05  2.84024602e-04
    -4.42727287e-05  3.26868932e-04  1.25632941e-04  4.13035705e-05
    -4.41797252e-04  3.62945750e-04  1.55749411e-04  3.08818417e-05
    -1.60952637e-04 -2.81047833e-05 -4.60686220e-04  3.22423963e-04
    -3.37503938e-04 -1.41965298e-04  2.08190366e-04  1.05252730e-04
    -4.35671449e-04  3.48475041e-05 -1.60715917e-05  1.77531947e-05]
   [ 1.71705540e-06 -2.35051572e-04  1.91338331e-04  2.74218201e-06
     1.61289470e-04  1.85488898e-05 -1.97711444e-04  4.24678205e-04
    -6.59405312e-04 -3.69347072e-05 -1.45018901e-04 -4.16254363e-04
     6.07020484e-05  1.90788312e-04 -6.42888263e-05  4.66786005e-05
     3.16151069e-04  2.35504544e-04 -5.45163988e-04 -1.56199894e-04
     3.34173965e-04 -2.16812070e-04 -8.84350884e-05  4.77877096e-04
     2.34215258e-05 -3.74796582e-05  3.06527130e-04 -7.65019140e-05]
   [ 5.61215711e-05  1.42442659e-04 -1.82304837e-04 -6.40783983e-04
    -1.06437430e-04  2.50873854e-04 -7.78695976e-04 -1.52863722e-04
    -1.55613860e-04  5.69471275e-04 -3.18949111e-04  9.60684905e-04
    -7.93345738e-04  1.62164652e-04 -1.15853921e-03  1.06386047e-04
    -8.33838058e-05  7.41728174e-04  3.40012426e-04  3.22988890e-05
     1.60241022e-03 -3.15221077e-05  3.38065845e-04  7.09337692e-05
    -2.81996938e-04 -1.51220476e-04 -6.52148674e-06  9.36081269e-05]
   [ 7.49479368e-05 -2.25297830e-04 -1.47198647e-04 -1.92269305e-04
    -4.23814345e-04  3.96924239e-04 -5.22396236e-04  5.19509369e-04
     4.15323157e-04  6.61560698e-05  1.03835388e-04  5.43021946e-04
     3.22296604e-04  1.27764128e-04 -4.46745835e-04  1.83880446e-04
     1.00373836e-04  7.74437445e-04  3.84254701e-04  8.10723926e-04
    -1.21478033e-05 -8.90164694e-04 -4.77337715e-04 -1.71409396e-04
     3.66515014e-04  3.13617435e-04 -3.72250041e-04  2.27520413e-05]
   [-1.39959811e-04 -4.54016918e-05 -3.13141965e-04  4.07077605e-04
    -9.00299870e-04  2.97373830e-04 -9.30235256e-04 -1.97860936e-04
     1.13605533e-03 -2.50870246e-04  1.01886690e-03  1.14215130e-04
    -1.40926254e-03 -5.96072292e-04 -1.08806905e-03 -5.27294877e-04
     6.05770074e-05 -4.29116044e-04 -2.24871212e-04  5.11038292e-04
     1.03574083e-03 -1.01801730e-03  8.21859227e-04 -5.20772628e-05
    -5.56327461e-04  1.25959705e-04  5.30079815e-05 -5.10123718e-05]
   [-1.65113684e-04  1.64662270e-04 -1.60013442e-04  5.90883137e-04
     1.70913961e-04  4.98266163e-05  7.11589470e-04  8.62054294e-04
     7.20428070e-04  3.88998189e-04 -3.12501681e-04 -2.24504358e-04
     1.02849735e-04  3.10794450e-04 -1.77973023e-04 -1.81922561e-03
    -9.24619671e-04 -6.65921034e-05  7.61391013e-04 -2.12038271e-04
     3.76882148e-04 -1.00928021e-03  9.25338943e-04  4.54751571e-04
    -3.37991049e-04  6.82639002e-05  6.37510384e-05 -7.42424672e-05]
   [-2.10348098e-05 -2.22842224e-04 -4.56264970e-04  2.65317558e-05
    -1.61748903e-04  3.06376314e-04 -3.18961887e-04 -4.47023456e-04
    -9.68751192e-05 -1.34858803e-03  8.17927648e-04  5.69298049e-04
    -6.89859269e-04 -7.17573042e-04 -7.68713886e-04  1.71207648e-04
    -4.55970876e-04  8.61469365e-04 -1.56903043e-04 -7.08528678e-04
     6.29447110e-04  7.22358600e-05 -3.33740812e-04 -3.77645134e-04
     4.30016335e-05  1.32472676e-04  1.35680355e-04  9.95930895e-05]
   [-8.28809862e-05  5.70775701e-05 -7.83352789e-06  6.98928081e-04
    -6.47063061e-05  7.69675709e-04  4.72856482e-04 -7.84644333e-04
     3.03458510e-04  3.47089925e-04  9.90996137e-04  7.16846960e-04
    -1.67358154e-03 -3.53068637e-04 -2.54190876e-04  2.13258958e-04
     4.49872052e-04  6.93569134e-04  4.92503808e-04 -1.28745945e-04
     9.92212095e-04 -1.23371149e-03  5.60822773e-05 -5.61403984e-04
    -4.27966530e-04  1.55728878e-04 -1.36106071e-04 -1.39230571e-04]
   [ 1.32557441e-04 -6.80698577e-05  9.90645844e-04  5.06733777e-04
    -6.69628324e-04 -5.67184121e-04 -3.72549286e-04  3.60993989e-04
     5.96421654e-04  1.75461770e-04 -7.85175071e-04 -1.28506776e-03
    -8.92517914e-04  6.87187479e-04 -1.22583564e-03 -1.60988682e-04
    -2.02834886e-03  3.96520045e-04 -6.95200753e-04 -8.45973918e-05
     5.58311178e-04 -8.40933179e-04 -3.24027729e-04 -5.38454507e-04
     2.62853369e-04 -9.13901295e-06 -3.79708101e-04  1.23121412e-04]
   [ 4.36787968e-06  6.31637158e-05  1.40179778e-04  8.26153846e-05
    -4.60053270e-05 -2.06766359e-04  4.48033825e-04  5.02964191e-04
    -4.27224295e-04 -3.28198279e-04 -1.39227141e-05 -2.31597543e-04
    -7.33131252e-04  2.77827028e-04 -6.79397781e-04 -1.26869243e-04
    -6.78315351e-04  5.52113808e-04 -4.95551831e-05  1.38656260e-03
     1.68802275e-03 -4.64290388e-05  5.94415178e-04 -3.10631061e-04
    -2.93751829e-04 -1.19675475e-04  4.41758966e-05 -1.23512273e-05]
   [-3.73558905e-05  1.64569385e-04  5.73087833e-04 -1.48690495e-04
     1.71491425e-04 -3.19719140e-04  1.24965585e-03 -8.31624784e-04
     2.84055513e-05 -2.09874939e-04  1.48041421e-04  1.11314803e-04
    -6.38389902e-04  6.24459819e-04  7.14590497e-05  6.16115040e-06
    -6.74762239e-04  3.79977399e-04 -1.83047261e-04  5.91997668e-05
     1.16730691e-03 -8.47208779e-04  3.14078265e-04  1.20607110e-05
    -8.49668111e-04  1.87849422e-04  1.31304216e-04  9.48066918e-06]
   [ 1.25152888e-04 -4.64584309e-06 -3.01659693e-05  5.07078257e-05
    -1.40996359e-04 -2.74306105e-04  4.01691970e-04  1.77273061e-04
    -8.83717148e-04  2.50731682e-04  3.85776977e-04  8.22690083e-04
    -5.13247389e-04  3.06431873e-04 -8.33010767e-04 -2.21081733e-04
    -3.15427431e-04 -9.53129376e-04 -5.61289780e-04 -1.15320913e-03
     5.65856999e-06 -2.57296546e-04 -4.19012416e-04 -3.18659411e-04
    -9.62901977e-05  7.14316207e-04 -1.39003649e-04 -3.87197033e-05]
   [ 1.00089579e-04  4.70204614e-05 -1.25944571e-04 -3.72498253e-05
     5.21278474e-04  3.38236314e-05  6.82577083e-04 -2.96383805e-04
     3.56623670e-04 -3.92795133e-04  7.95714950e-05  1.97061570e-04
    -1.19796314e-03 -1.44799444e-04  4.63185599e-04  2.85476766e-04
     1.09720684e-04 -1.57600676e-04 -2.42997645e-04 -6.64877007e-04
     3.96752876e-04 -1.83923534e-04 -4.01236670e-04 -4.99674003e-04
     1.03944956e-04 -3.77221353e-04  2.10910381e-04 -1.20874203e-04]
   [ 1.03439117e-04 -9.64025967e-05  3.01545369e-04  5.09341946e-04
     6.08908536e-04 -7.38968898e-04 -5.30781574e-04 -7.56629568e-04
     5.61623427e-04 -1.18580740e-03 -4.13878704e-04  2.70436838e-04
    -6.00264524e-04  3.27804766e-04 -2.01998767e-03  5.47138916e-04
    -1.96453941e-04  5.11882317e-05 -1.28365506e-03 -4.17649717e-04
    -6.72359456e-05 -1.20308972e-03  8.37326923e-04  2.98207335e-04
    -4.93615771e-05  4.14096372e-04  6.11332362e-05  2.06455908e-04]
   [-1.66178623e-04 -9.29329763e-05  3.30110604e-04  1.00545592e-04
     2.49841396e-04 -8.73089826e-04  2.07182413e-04 -5.59720029e-05
    -5.48821699e-04 -4.62794887e-05 -2.95513775e-04  1.86482037e-03
    -5.73304773e-04  5.21657581e-04 -3.85680236e-04 -2.23893076e-04
     1.72612214e-04 -3.70822556e-04  4.56976180e-04  4.68185826e-05
     6.83707985e-05  1.25120278e-04  3.53606047e-05 -1.75451096e-05
    -5.47818272e-05  5.59999782e-04  2.50445679e-04  8.27203439e-06]
   [ 2.29130412e-04 -1.49778934e-04  6.40376587e-04  2.22349074e-04
    -1.15079645e-04 -1.87304715e-04 -7.15218412e-05  1.37919924e-04
    -3.25938105e-04  1.23861479e-04 -1.01806398e-03 -1.14267714e-04
    -1.30448549e-03  5.92951488e-04 -7.47556624e-04  5.49394579e-04
    -9.16122517e-04 -2.41891597e-04 -1.33822835e-03  7.00880541e-04
    -5.59782435e-04 -3.93632101e-04  1.16369505e-04 -1.16627896e-03
     6.68595545e-04  2.62982998e-04 -2.11949402e-04 -1.02223014e-04]
   [-6.41117231e-06 -2.01363218e-04 -2.31734986e-04 -7.18021241e-04
    -7.36170987e-05 -2.18604691e-04  3.25369969e-04 -4.43615543e-04
     3.98476433e-04 -6.13910786e-04 -2.40074049e-04  2.48061988e-04
    -8.54030310e-04  2.21755751e-03 -9.51157650e-04 -3.94445378e-04
    -1.20035649e-04 -7.80902046e-04 -3.38933809e-04 -5.61669185e-05
    -7.27863342e-04  3.29895083e-05  4.00111516e-04  2.45304604e-04
    -1.79379975e-04 -3.45479784e-04 -1.81516123e-04 -3.31505507e-05]
   [-9.63874481e-05 -1.43232319e-04  1.83704804e-04 -5.22702503e-05
     6.49614434e-04 -2.60503963e-04  4.25226521e-04 -4.84798278e-04
     7.92476203e-05  1.46343373e-04 -3.43135835e-05 -4.62388089e-05
     6.37089077e-04  4.09059488e-04 -1.43357459e-03  4.82912321e-04
     8.43460148e-04  3.67878674e-04 -3.94694420e-04 -1.04203925e-03
    -5.74098784e-04 -1.60832540e-04 -2.56538042e-04 -6.87750231e-04
     1.99260277e-04 -6.55822165e-04  8.95731791e-05  1.44050922e-04]
   [ 1.53294313e-04  2.47880998e-05 -2.00352806e-04  2.89144315e-04
     9.99404510e-05 -4.07050393e-04  4.51051630e-04 -3.00407759e-04
     2.90130818e-04 -4.13102214e-04 -7.24354410e-04  5.12684346e-04
     5.19486202e-04  1.91592437e-04 -9.10758245e-05 -2.27717264e-05
     8.81569460e-04 -4.69638937e-04 -6.22261781e-04  8.09448713e-04
    -2.06542129e-04 -2.58044573e-04  1.86804809e-05 -4.05895495e-04
     8.38734850e-05 -2.46132287e-04 -2.24076459e-04  1.68257058e-04]
   [-2.49838602e-04 -8.34805032e-05  1.93685875e-04  5.03687188e-04
     3.92537768e-04 -3.95171723e-04  3.22798995e-04 -7.85918033e-04
    -3.22398235e-04 -2.92976794e-04  4.67359117e-04 -3.83839244e-04
     8.76326580e-04 -1.15548955e-05 -4.26783576e-04 -1.65972044e-04
    -1.03386832e-04  1.01963838e-03  3.35215067e-04 -8.94161465e-04
     4.00188670e-04 -1.87562022e-04  8.00668611e-04 -1.45490339e-04
     1.30703513e-04  3.65584798e-04 -5.56537780e-05  4.20244623e-06]
   [ 9.06903224e-05  3.58098732e-05 -3.84677318e-04  3.21336614e-04
     2.37637054e-04  1.60223062e-04  4.36759547e-05 -3.76932352e-04
    -6.93288530e-05  1.88427555e-04 -5.41948364e-04 -1.40556600e-04
     1.09289547e-04 -1.10164372e-04  9.16931953e-04  1.23075000e-03
    -2.53484817e-04  7.42083183e-04 -6.72785915e-04 -1.09865912e-03
     1.56147289e-04  5.73113328e-04  6.68591994e-04 -5.74101054e-04
     2.87150149e-04  7.96479508e-05 -9.03767068e-05  2.61092573e-05]
   [-2.31272279e-04 -4.55071131e-05  2.66354109e-05  3.65495187e-04
     2.26756267e-04 -3.03680106e-04  2.54270853e-04  2.68188131e-04
     8.25029638e-05  8.70054530e-04 -2.85768969e-04 -3.76229611e-04
    -3.96743853e-04 -4.14733746e-04 -4.59318362e-05  4.12876747e-04
     2.85325543e-04  2.44815426e-04  2.84301961e-04 -1.04080944e-04
     2.91592005e-04 -3.38027050e-04  2.57011910e-04 -1.40096934e-04
     3.61521408e-04 -2.40796726e-04 -5.33011989e-05  1.13460468e-04]
   [ 1.59059025e-04  1.62813943e-04 -2.95757491e-04  3.65229107e-06
    -1.18428230e-04 -2.89851276e-04  4.84255783e-04  6.02969203e-06
    -5.84253467e-05  2.79138534e-04 -2.32069578e-04 -4.21055418e-04
    -2.54948449e-04  7.78340560e-04 -7.93280022e-04  3.99041659e-04
    -3.10569631e-05  2.99539621e-04 -1.74755376e-04  3.59156955e-04
     2.79617198e-05 -2.53171078e-04 -2.52581754e-04  2.20966234e-04
    -1.50277974e-05  1.31013867e-05  9.95992959e-05 -3.44962682e-05]
   [-8.26303221e-05 -8.39639961e-06 -6.39519203e-05  2.09942649e-04
    -6.65431580e-05 -4.02162754e-04  4.60526033e-04  3.61678016e-04
     2.62976682e-04  4.06934778e-05 -1.70967280e-04  4.72632179e-04
    -2.31079548e-06  3.13243072e-05 -3.00724205e-04 -4.67716425e-04
    -2.90331402e-04 -1.05899599e-04  6.16317906e-04 -7.32688786e-05
    -1.91570609e-04 -3.42583604e-04 -9.01929088e-05  1.19049560e-04
    -1.40313015e-04 -1.43369878e-04  6.25896209e-05  0.00000000e+00]
   [ 9.51222755e-05  6.60435835e-05 -1.78507646e-04  8.70060685e-05
    -7.55570290e-05 -6.83083781e-05  2.17239663e-04  8.25726966e-05
     6.05223613e-05  1.19160984e-04 -1.42049001e-04  2.54578714e-04
     2.01320057e-04 -4.92910855e-04 -8.79504441e-05 -7.85512748e-05
     3.48392932e-04 -1.47995350e-04 -1.23043123e-04  4.05131083e-04
    -6.92715548e-05 -2.32994920e-04  9.58826495e-05 -3.37872552e-05
     5.16492837e-05 -9.37528748e-05  9.85908173e-07  0.00000000e+00]
   [ 0.00000000e+00  0.00000000e+00  1.17870513e-05  4.57631395e-05
    -1.12582065e-05 -2.56005987e-05  8.82323875e-05  6.06844769e-05
    -1.53653800e-05 -4.01054131e-05 -3.99898163e-05 -6.07501024e-05
     6.78232391e-05 -4.62145763e-05  2.12000941e-05 -1.14489121e-05
     1.05366686e-04  2.55924766e-04 -1.05973289e-04 -5.93224977e-05
     8.08304903e-05  4.16028670e-05  2.01963194e-04 -4.94985761e-05
    -6.77381395e-05  6.93545953e-05  0.00000000e+00  0.00000000e+00]]]]
-----
grad 7: min -0.002028348855674267, max 0.0022175575140863657, mean -2.5530156563036144e-05, std 0.00046447868226096034
[[[[-3.98106567e-06  1.42307090e-05  2.48128472e-05 -1.41998011e-04
     1.16619242e-06  7.32414628e-05  2.52085283e-05  1.41570432e-04
    -1.36646573e-04  1.12484558e-04  3.38573700e-05  1.19306009e-04
    -1.73566790e-04  1.45506692e-05 -3.12898228e-05 -7.33264387e-05
     2.11154300e-04  8.08188415e-05 -7.09596789e-05 -1.28302869e-04
    -2.11151801e-05 -1.40158983e-04 -1.77995375e-04  4.44790021e-05
    -3.95064671e-05  3.49458060e-05  5.53697100e-05 -6.62074626e-06]
   [ 1.14382392e-05 -5.58151842e-05  8.94528494e-05 -2.03997188e-05
     3.73738835e-08  1.15115559e-04 -3.42362705e-06 -9.67862979e-06
    -2.95790924e-05  1.59720701e-04 -2.12845916e-04  1.23177422e-04
    -1.76773494e-04 -1.08061009e-04  1.50591688e-06  1.74377899e-04
    -2.97864995e-06 -9.70217661e-05 -3.71067203e-04 -6.28017224e-05
    -1.66391023e-04  1.51072280e-04  2.23195311e-04  6.22627558e-05
    -1.44691840e-05  1.45862956e-04 -1.24285696e-04  1.87237565e-05]
   [-1.40576358e-05 -1.03283055e-05 -8.70620133e-05 -1.54950380e-04
     1.80149160e-04 -2.83641966e-05 -5.95794481e-05  2.84024602e-04
    -4.42727287e-05  3.26868932e-04  1.25632941e-04  4.13035705e-05
    -4.41797252e-04  3.62945750e-04  1.55749411e-04  3.08818417e-05
    -1.60952637e-04 -2.81047833e-05 -4.60686220e-04  3.22423963e-04
    -3.37503938e-04 -1.41965298e-04  2.08190366e-04  1.05252730e-04
    -4.35671449e-04  3.48475041e-05 -1.60715917e-05  1.77531947e-05]
   [ 1.71705540e-06 -2.35051572e-04  1.91338331e-04  2.74218201e-06
     1.61289470e-04  1.85488898e-05 -1.97711444e-04  4.24678205e-04
    -6.59405312e-04 -3.69347072e-05 -1.45018901e-04 -4.16254363e-04
     6.07020484e-05  1.90788312e-04 -6.42888263e-05  4.66786005e-05
     3.16151069e-04  2.35504544e-04 -5.45163988e-04 -1.56199894e-04
     3.34173965e-04 -2.16812070e-04 -8.84350884e-05  4.77877096e-04
     2.34215258e-05 -3.74796582e-05  3.06527130e-04 -7.65019140e-05]
   [ 5.61215711e-05  1.42442659e-04 -1.82304837e-04 -6.40783983e-04
    -1.06437430e-04  2.50873854e-04 -7.78695976e-04 -1.52863722e-04
    -1.55613860e-04  5.69471275e-04 -3.18949111e-04  9.60684905e-04
    -7.93345738e-04  1.62164652e-04 -1.15853921e-03  1.06386047e-04
    -8.33838058e-05  7.41728174e-04  3.40012426e-04  3.22988890e-05
     1.60241022e-03 -3.15221077e-05  3.38065845e-04  7.09337692e-05
    -2.81996938e-04 -1.51220476e-04 -6.52148674e-06  9.36081269e-05]
   [ 7.49479368e-05 -2.25297830e-04 -1.47198647e-04 -1.92269305e-04
    -4.23814345e-04  3.96924239e-04 -5.22396236e-04  5.19509369e-04
     4.15323157e-04  6.61560698e-05  1.03835388e-04  5.43021946e-04
     3.22296604e-04  1.27764128e-04 -4.46745835e-04  1.83880446e-04
     1.00373836e-04  7.74437445e-04  3.84254701e-04  8.10723926e-04
    -1.21478033e-05 -8.90164694e-04 -4.77337715e-04 -1.71409396e-04
     3.66515014e-04  3.13617435e-04 -3.72250041e-04  2.27520413e-05]
   [-1.39959811e-04 -4.54016918e-05 -3.13141965e-04  4.07077605e-04
    -9.00299870e-04  2.97373830e-04 -9.30235256e-04 -1.97860936e-04
     1.13605533e-03 -2.50870246e-04  1.01886690e-03  1.14215130e-04
    -1.40926254e-03 -5.96072292e-04 -1.08806905e-03 -5.27294877e-04
     6.05770074e-05 -4.29116044e-04 -2.24871212e-04  5.11038292e-04
     1.03574083e-03 -1.01801730e-03  8.21859227e-04 -5.20772628e-05
    -5.56327461e-04  1.25959705e-04  5.30079815e-05 -5.10123718e-05]
   [-1.65113684e-04  1.64662270e-04 -1.60013442e-04  5.90883137e-04
     1.70913961e-04  4.98266163e-05  7.11589470e-04  8.62054294e-04
     7.20428070e-04  3.88998189e-04 -3.12501681e-04 -2.24504358e-04
     1.02849735e-04  3.10794450e-04 -1.77973023e-04 -1.81922561e-03
    -9.24619671e-04 -6.65921034e-05  7.61391013e-04 -2.12038271e-04
     3.76882148e-04 -1.00928021e-03  9.25338943e-04  4.54751571e-04
    -3.37991049e-04  6.82639002e-05  6.37510384e-05 -7.42424672e-05]
   [-2.10348098e-05 -2.22842224e-04 -4.56264970e-04  2.65317558e-05
    -1.61748903e-04  3.06376314e-04 -3.18961887e-04 -4.47023456e-04
    -9.68751192e-05 -1.34858803e-03  8.17927648e-04  5.69298049e-04
    -6.89859269e-04 -7.17573042e-04 -7.68713886e-04  1.71207648e-04
    -4.55970876e-04  8.61469365e-04 -1.56903043e-04 -7.08528678e-04
     6.29447110e-04  7.22358600e-05 -3.33740812e-04 -3.77645134e-04
     4.30016335e-05  1.32472676e-04  1.35680355e-04  9.95930895e-05]
   [-8.28809862e-05  5.70775701e-05 -7.83352789e-06  6.98928081e-04
    -6.47063061e-05  7.69675709e-04  4.72856482e-04 -7.84644333e-04
     3.03458510e-04  3.47089925e-04  9.90996137e-04  7.16846960e-04
    -1.67358154e-03 -3.53068637e-04 -2.54190876e-04  2.13258958e-04
     4.49872052e-04  6.93569134e-04  4.92503808e-04 -1.28745945e-04
     9.92212095e-04 -1.23371149e-03  5.60822773e-05 -5.61403984e-04
    -4.27966530e-04  1.55728878e-04 -1.36106071e-04 -1.39230571e-04]
   [ 1.32557441e-04 -6.80698577e-05  9.90645844e-04  5.06733777e-04
    -6.69628324e-04 -5.67184121e-04 -3.72549286e-04  3.60993989e-04
     5.96421654e-04  1.75461770e-04 -7.85175071e-04 -1.28506776e-03
    -8.92517914e-04  6.87187479e-04 -1.22583564e-03 -1.60988682e-04
    -2.02834886e-03  3.96520045e-04 -6.95200753e-04 -8.45973918e-05
     5.58311178e-04 -8.40933179e-04 -3.24027729e-04 -5.38454507e-04
     2.62853369e-04 -9.13901295e-06 -3.79708101e-04  1.23121412e-04]
   [ 4.36787968e-06  6.31637158e-05  1.40179778e-04  8.26153846e-05
    -4.60053270e-05 -2.06766359e-04  4.48033825e-04  5.02964191e-04
    -4.27224295e-04 -3.28198279e-04 -1.39227141e-05 -2.31597543e-04
    -7.33131252e-04  2.77827028e-04 -6.79397781e-04 -1.26869243e-04
    -6.78315351e-04  5.52113808e-04 -4.95551831e-05  1.38656260e-03
     1.68802275e-03 -4.64290388e-05  5.94415178e-04 -3.10631061e-04
    -2.93751829e-04 -1.19675475e-04  4.41758966e-05 -1.23512273e-05]
   [-3.73558905e-05  1.64569385e-04  5.73087833e-04 -1.48690495e-04
     1.71491425e-04 -3.19719140e-04  1.24965585e-03 -8.31624784e-04
     2.84055513e-05 -2.09874939e-04  1.48041421e-04  1.11314803e-04
    -6.38389902e-04  6.24459819e-04  7.14590497e-05  6.16115040e-06
    -6.74762239e-04  3.79977399e-04 -1.83047261e-04  5.91997668e-05
     1.16730691e-03 -8.47208779e-04  3.14078265e-04  1.20607110e-05
    -8.49668111e-04  1.87849422e-04  1.31304216e-04  9.48066918e-06]
   [ 1.25152888e-04 -4.64584309e-06 -3.01659693e-05  5.07078257e-05
    -1.40996359e-04 -2.74306105e-04  4.01691970e-04  1.77273061e-04
    -8.83717148e-04  2.50731682e-04  3.85776977e-04  8.22690083e-04
    -5.13247389e-04  3.06431873e-04 -8.33010767e-04 -2.21081733e-04
    -3.15427431e-04 -9.53129376e-04 -5.61289780e-04 -1.15320913e-03
     5.65856999e-06 -2.57296546e-04 -4.19012416e-04 -3.18659411e-04
    -9.62901977e-05  7.14316207e-04 -1.39003649e-04 -3.87197033e-05]
   [ 1.00089579e-04  4.70204614e-05 -1.25944571e-04 -3.72498253e-05
     5.21278474e-04  3.38236314e-05  6.82577083e-04 -2.96383805e-04
     3.56623670e-04 -3.92795133e-04  7.95714950e-05  1.97061570e-04
    -1.19796314e-03 -1.44799444e-04  4.63185599e-04  2.85476766e-04
     1.09720684e-04 -1.57600676e-04 -2.42997645e-04 -6.64877007e-04
     3.96752876e-04 -1.83923534e-04 -4.01236670e-04 -4.99674003e-04
     1.03944956e-04 -3.77221353e-04  2.10910381e-04 -1.20874203e-04]
   [ 1.03439117e-04 -9.64025967e-05  3.01545369e-04  5.09341946e-04
     6.08908536e-04 -7.38968898e-04 -5.30781574e-04 -7.56629568e-04
     5.61623427e-04 -1.18580740e-03 -4.13878704e-04  2.70436838e-04
    -6.00264524e-04  3.27804766e-04 -2.01998767e-03  5.47138916e-04
    -1.96453941e-04  5.11882317e-05 -1.28365506e-03 -4.17649717e-04
    -6.72359456e-05 -1.20308972e-03  8.37326923e-04  2.98207335e-04
    -4.93615771e-05  4.14096372e-04  6.11332362e-05  2.06455908e-04]
   [-1.66178623e-04 -9.29329763e-05  3.30110604e-04  1.00545592e-04
     2.49841396e-04 -8.73089826e-04  2.07182413e-04 -5.59720029e-05
    -5.48821699e-04 -4.62794887e-05 -2.95513775e-04  1.86482037e-03
    -5.73304773e-04  5.21657581e-04 -3.85680236e-04 -2.23893076e-04
     1.72612214e-04 -3.70822556e-04  4.56976180e-04  4.68185826e-05
     6.83707985e-05  1.25120278e-04  3.53606047e-05 -1.75451096e-05
    -5.47818272e-05  5.59999782e-04  2.50445679e-04  8.27203439e-06]
   [ 2.29130412e-04 -1.49778934e-04  6.40376587e-04  2.22349074e-04
    -1.15079645e-04 -1.87304715e-04 -7.15218412e-05  1.37919924e-04
    -3.25938105e-04  1.23861479e-04 -1.01806398e-03 -1.14267714e-04
    -1.30448549e-03  5.92951488e-04 -7.47556624e-04  5.49394579e-04
    -9.16122517e-04 -2.41891597e-04 -1.33822835e-03  7.00880541e-04
    -5.59782435e-04 -3.93632101e-04  1.16369505e-04 -1.16627896e-03
     6.68595545e-04  2.62982998e-04 -2.11949402e-04 -1.02223014e-04]
   [-6.41117231e-06 -2.01363218e-04 -2.31734986e-04 -7.18021241e-04
    -7.36170987e-05 -2.18604691e-04  3.25369969e-04 -4.43615543e-04
     3.98476433e-04 -6.13910786e-04 -2.40074049e-04  2.48061988e-04
    -8.54030310e-04  2.21755751e-03 -9.51157650e-04 -3.94445378e-04
    -1.20035649e-04 -7.80902046e-04 -3.38933809e-04 -5.61669185e-05
    -7.27863342e-04  3.29895083e-05  4.00111516e-04  2.45304604e-04
    -1.79379975e-04 -3.45479784e-04 -1.81516123e-04 -3.31505507e-05]
   [-9.63874481e-05 -1.43232319e-04  1.83704804e-04 -5.22702503e-05
     6.49614434e-04 -2.60503963e-04  4.25226521e-04 -4.84798278e-04
     7.92476203e-05  1.46343373e-04 -3.43135835e-05 -4.62388089e-05
     6.37089077e-04  4.09059488e-04 -1.43357459e-03  4.82912321e-04
     8.43460148e-04  3.67878674e-04 -3.94694420e-04 -1.04203925e-03
    -5.74098784e-04 -1.60832540e-04 -2.56538042e-04 -6.87750231e-04
     1.99260277e-04 -6.55822165e-04  8.95731791e-05  1.44050922e-04]
   [ 1.53294313e-04  2.47880998e-05 -2.00352806e-04  2.89144315e-04
     9.99404510e-05 -4.07050393e-04  4.51051630e-04 -3.00407759e-04
     2.90130818e-04 -4.13102214e-04 -7.24354410e-04  5.12684346e-04
     5.19486202e-04  1.91592437e-04 -9.10758245e-05 -2.27717264e-05
     8.81569460e-04 -4.69638937e-04 -6.22261781e-04  8.09448713e-04
    -2.06542129e-04 -2.58044573e-04  1.86804809e-05 -4.05895495e-04
     8.38734850e-05 -2.46132287e-04 -2.24076459e-04  1.68257058e-04]
   [-2.49838602e-04 -8.34805032e-05  1.93685875e-04  5.03687188e-04
     3.92537768e-04 -3.95171723e-04  3.22798995e-04 -7.85918033e-04
    -3.22398235e-04 -2.92976794e-04  4.67359117e-04 -3.83839244e-04
     8.76326580e-04 -1.15548955e-05 -4.26783576e-04 -1.65972044e-04
    -1.03386832e-04  1.01963838e-03  3.35215067e-04 -8.94161465e-04
     4.00188670e-04 -1.87562022e-04  8.00668611e-04 -1.45490339e-04
     1.30703513e-04  3.65584798e-04 -5.56537780e-05  4.20244623e-06]
   [ 9.06903224e-05  3.58098732e-05 -3.84677318e-04  3.21336614e-04
     2.37637054e-04  1.60223062e-04  4.36759547e-05 -3.76932352e-04
    -6.93288530e-05  1.88427555e-04 -5.41948364e-04 -1.40556600e-04
     1.09289547e-04 -1.10164372e-04  9.16931953e-04  1.23075000e-03
    -2.53484817e-04  7.42083183e-04 -6.72785915e-04 -1.09865912e-03
     1.56147289e-04  5.73113328e-04  6.68591994e-04 -5.74101054e-04
     2.87150149e-04  7.96479508e-05 -9.03767068e-05  2.61092573e-05]
   [-2.31272279e-04 -4.55071131e-05  2.66354109e-05  3.65495187e-04
     2.26756267e-04 -3.03680106e-04  2.54270853e-04  2.68188131e-04
     8.25029638e-05  8.70054530e-04 -2.85768969e-04 -3.76229611e-04
    -3.96743853e-04 -4.14733746e-04 -4.59318362e-05  4.12876747e-04
     2.85325543e-04  2.44815426e-04  2.84301961e-04 -1.04080944e-04
     2.91592005e-04 -3.38027050e-04  2.57011910e-04 -1.40096934e-04
     3.61521408e-04 -2.40796726e-04 -5.33011989e-05  1.13460468e-04]
   [ 1.59059025e-04  1.62813943e-04 -2.95757491e-04  3.65229107e-06
    -1.18428230e-04 -2.89851276e-04  4.84255783e-04  6.02969203e-06
    -5.84253467e-05  2.79138534e-04 -2.32069578e-04 -4.21055418e-04
    -2.54948449e-04  7.78340560e-04 -7.93280022e-04  3.99041659e-04
    -3.10569631e-05  2.99539621e-04 -1.74755376e-04  3.59156955e-04
     2.79617198e-05 -2.53171078e-04 -2.52581754e-04  2.20966234e-04
    -1.50277974e-05  1.31013867e-05  9.95992959e-05 -3.44962682e-05]
   [-8.26303221e-05 -8.39639961e-06 -6.39519203e-05  2.09942649e-04
    -6.65431580e-05 -4.02162754e-04  4.60526033e-04  3.61678016e-04
     2.62976682e-04  4.06934778e-05 -1.70967280e-04  4.72632179e-04
    -2.31079548e-06  3.13243072e-05 -3.00724205e-04 -4.67716425e-04
    -2.90331402e-04 -1.05899599e-04  6.16317906e-04 -7.32688786e-05
    -1.91570609e-04 -3.42583604e-04 -9.01929088e-05  1.19049560e-04
    -1.40313015e-04 -1.43369878e-04  6.25896209e-05  0.00000000e+00]
   [ 9.51222755e-05  6.60435835e-05 -1.78507646e-04  8.70060685e-05
    -7.55570290e-05 -6.83083781e-05  2.17239663e-04  8.25726966e-05
     6.05223613e-05  1.19160984e-04 -1.42049001e-04  2.54578714e-04
     2.01320057e-04 -4.92910855e-04 -8.79504441e-05 -7.85512748e-05
     3.48392932e-04 -1.47995350e-04 -1.23043123e-04  4.05131083e-04
    -6.92715548e-05 -2.32994920e-04  9.58826495e-05 -3.37872552e-05
     5.16492837e-05 -9.37528748e-05  9.85908173e-07  0.00000000e+00]
   [ 0.00000000e+00  0.00000000e+00  1.17870513e-05  4.57631395e-05
    -1.12582065e-05 -2.56005987e-05  8.82323875e-05  6.06844769e-05
    -1.53653800e-05 -4.01054131e-05 -3.99898163e-05 -6.07501024e-05
     6.78232391e-05 -4.62145763e-05  2.12000941e-05 -1.14489121e-05
     1.05366686e-04  2.55924766e-04 -1.05973289e-04 -5.93224977e-05
     8.08304903e-05  4.16028670e-05  2.01963194e-04 -4.94985761e-05
    -6.77381395e-05  6.93545953e-05  0.00000000e+00  0.00000000e+00]]]]
-----
grad 8: min -0.002028348855674267, max 0.0022175575140863657, mean -2.5530156563036144e-05, std 0.00046447868226096034
[[[[-3.98106567e-06  1.42307090e-05  2.48128472e-05 -1.41998011e-04
     1.16619242e-06  7.32414628e-05  2.52085283e-05  1.41570432e-04
    -1.36646573e-04  1.12484558e-04  3.38573700e-05  1.19306009e-04
    -1.73566790e-04  1.45506692e-05 -3.12898228e-05 -7.33264387e-05
     2.11154300e-04  8.08188415e-05 -7.09596789e-05 -1.28302869e-04
    -2.11151801e-05 -1.40158983e-04 -1.77995375e-04  4.44790021e-05
    -3.95064671e-05  3.49458060e-05  5.53697100e-05 -6.62074626e-06]
   [ 1.14382392e-05 -5.58151842e-05  8.94528494e-05 -2.03997188e-05
     3.73738835e-08  1.15115559e-04 -3.42362705e-06 -9.67862979e-06
    -2.95790924e-05  1.59720701e-04 -2.12845916e-04  1.23177422e-04
    -1.76773494e-04 -1.08061009e-04  1.50591688e-06  1.74377899e-04
    -2.97864995e-06 -9.70217661e-05 -3.71067203e-04 -6.28017224e-05
    -1.66391023e-04  1.51072280e-04  2.23195311e-04  6.22627558e-05
    -1.44691840e-05  1.45862956e-04 -1.24285696e-04  1.87237565e-05]
   [-1.40576358e-05 -1.03283055e-05 -8.70620133e-05 -1.54950380e-04
     1.80149160e-04 -2.83641966e-05 -5.95794481e-05  2.84024602e-04
    -4.42727287e-05  3.26868932e-04  1.25632941e-04  4.13035705e-05
    -4.41797252e-04  3.62945750e-04  1.55749411e-04  3.08818417e-05
    -1.60952637e-04 -2.81047833e-05 -4.60686220e-04  3.22423963e-04
    -3.37503938e-04 -1.41965298e-04  2.08190366e-04  1.05252730e-04
    -4.35671449e-04  3.48475041e-05 -1.60715917e-05  1.77531947e-05]
   [ 1.71705540e-06 -2.35051572e-04  1.91338331e-04  2.74218201e-06
     1.61289470e-04  1.85488898e-05 -1.97711444e-04  4.24678205e-04
    -6.59405312e-04 -3.69347072e-05 -1.45018901e-04 -4.16254363e-04
     6.07020484e-05  1.90788312e-04 -6.42888263e-05  4.66786005e-05
     3.16151069e-04  2.35504544e-04 -5.45163988e-04 -1.56199894e-04
     3.34173965e-04 -2.16812070e-04 -8.84350884e-05  4.77877096e-04
     2.34215258e-05 -3.74796582e-05  3.06527130e-04 -7.65019140e-05]
   [ 5.61215711e-05  1.42442659e-04 -1.82304837e-04 -6.40783983e-04
    -1.06437430e-04  2.50873854e-04 -7.78695976e-04 -1.52863722e-04
    -1.55613860e-04  5.69471275e-04 -3.18949111e-04  9.60684905e-04
    -7.93345738e-04  1.62164652e-04 -1.15853921e-03  1.06386047e-04
    -8.33838058e-05  7.41728174e-04  3.40012426e-04  3.22988890e-05
     1.60241022e-03 -3.15221077e-05  3.38065845e-04  7.09337692e-05
    -2.81996938e-04 -1.51220476e-04 -6.52148674e-06  9.36081269e-05]
   [ 7.49479368e-05 -2.25297830e-04 -1.47198647e-04 -1.92269305e-04
    -4.23814345e-04  3.96924239e-04 -5.22396236e-04  5.19509369e-04
     4.15323157e-04  6.61560698e-05  1.03835388e-04  5.43021946e-04
     3.22296604e-04  1.27764128e-04 -4.46745835e-04  1.83880446e-04
     1.00373836e-04  7.74437445e-04  3.84254701e-04  8.10723926e-04
    -1.21478033e-05 -8.90164694e-04 -4.77337715e-04 -1.71409396e-04
     3.66515014e-04  3.13617435e-04 -3.72250041e-04  2.27520413e-05]
   [-1.39959811e-04 -4.54016918e-05 -3.13141965e-04  4.07077605e-04
    -9.00299870e-04  2.97373830e-04 -9.30235256e-04 -1.97860936e-04
     1.13605533e-03 -2.50870246e-04  1.01886690e-03  1.14215130e-04
    -1.40926254e-03 -5.96072292e-04 -1.08806905e-03 -5.27294877e-04
     6.05770074e-05 -4.29116044e-04 -2.24871212e-04  5.11038292e-04
     1.03574083e-03 -1.01801730e-03  8.21859227e-04 -5.20772628e-05
    -5.56327461e-04  1.25959705e-04  5.30079815e-05 -5.10123718e-05]
   [-1.65113684e-04  1.64662270e-04 -1.60013442e-04  5.90883137e-04
     1.70913961e-04  4.98266163e-05  7.11589470e-04  8.62054294e-04
     7.20428070e-04  3.88998189e-04 -3.12501681e-04 -2.24504358e-04
     1.02849735e-04  3.10794450e-04 -1.77973023e-04 -1.81922561e-03
    -9.24619671e-04 -6.65921034e-05  7.61391013e-04 -2.12038271e-04
     3.76882148e-04 -1.00928021e-03  9.25338943e-04  4.54751571e-04
    -3.37991049e-04  6.82639002e-05  6.37510384e-05 -7.42424672e-05]
   [-2.10348098e-05 -2.22842224e-04 -4.56264970e-04  2.65317558e-05
    -1.61748903e-04  3.06376314e-04 -3.18961887e-04 -4.47023456e-04
    -9.68751192e-05 -1.34858803e-03  8.17927648e-04  5.69298049e-04
    -6.89859269e-04 -7.17573042e-04 -7.68713886e-04  1.71207648e-04
    -4.55970876e-04  8.61469365e-04 -1.56903043e-04 -7.08528678e-04
     6.29447110e-04  7.22358600e-05 -3.33740812e-04 -3.77645134e-04
     4.30016335e-05  1.32472676e-04  1.35680355e-04  9.95930895e-05]
   [-8.28809862e-05  5.70775701e-05 -7.83352789e-06  6.98928081e-04
    -6.47063061e-05  7.69675709e-04  4.72856482e-04 -7.84644333e-04
     3.03458510e-04  3.47089925e-04  9.90996137e-04  7.16846960e-04
    -1.67358154e-03 -3.53068637e-04 -2.54190876e-04  2.13258958e-04
     4.49872052e-04  6.93569134e-04  4.92503808e-04 -1.28745945e-04
     9.92212095e-04 -1.23371149e-03  5.60822773e-05 -5.61403984e-04
    -4.27966530e-04  1.55728878e-04 -1.36106071e-04 -1.39230571e-04]
   [ 1.32557441e-04 -6.80698577e-05  9.90645844e-04  5.06733777e-04
    -6.69628324e-04 -5.67184121e-04 -3.72549286e-04  3.60993989e-04
     5.96421654e-04  1.75461770e-04 -7.85175071e-04 -1.28506776e-03
    -8.92517914e-04  6.87187479e-04 -1.22583564e-03 -1.60988682e-04
    -2.02834886e-03  3.96520045e-04 -6.95200753e-04 -8.45973918e-05
     5.58311178e-04 -8.40933179e-04 -3.24027729e-04 -5.38454507e-04
     2.62853369e-04 -9.13901295e-06 -3.79708101e-04  1.23121412e-04]
   [ 4.36787968e-06  6.31637158e-05  1.40179778e-04  8.26153846e-05
    -4.60053270e-05 -2.06766359e-04  4.48033825e-04  5.02964191e-04
    -4.27224295e-04 -3.28198279e-04 -1.39227141e-05 -2.31597543e-04
    -7.33131252e-04  2.77827028e-04 -6.79397781e-04 -1.26869243e-04
    -6.78315351e-04  5.52113808e-04 -4.95551831e-05  1.38656260e-03
     1.68802275e-03 -4.64290388e-05  5.94415178e-04 -3.10631061e-04
    -2.93751829e-04 -1.19675475e-04  4.41758966e-05 -1.23512273e-05]
   [-3.73558905e-05  1.64569385e-04  5.73087833e-04 -1.48690495e-04
     1.71491425e-04 -3.19719140e-04  1.24965585e-03 -8.31624784e-04
     2.84055513e-05 -2.09874939e-04  1.48041421e-04  1.11314803e-04
    -6.38389902e-04  6.24459819e-04  7.14590497e-05  6.16115040e-06
    -6.74762239e-04  3.79977399e-04 -1.83047261e-04  5.91997668e-05
     1.16730691e-03 -8.47208779e-04  3.14078265e-04  1.20607110e-05
    -8.49668111e-04  1.87849422e-04  1.31304216e-04  9.48066918e-06]
   [ 1.25152888e-04 -4.64584309e-06 -3.01659693e-05  5.07078257e-05
    -1.40996359e-04 -2.74306105e-04  4.01691970e-04  1.77273061e-04
    -8.83717148e-04  2.50731682e-04  3.85776977e-04  8.22690083e-04
    -5.13247389e-04  3.06431873e-04 -8.33010767e-04 -2.21081733e-04
    -3.15427431e-04 -9.53129376e-04 -5.61289780e-04 -1.15320913e-03
     5.65856999e-06 -2.57296546e-04 -4.19012416e-04 -3.18659411e-04
    -9.62901977e-05  7.14316207e-04 -1.39003649e-04 -3.87197033e-05]
   [ 1.00089579e-04  4.70204614e-05 -1.25944571e-04 -3.72498253e-05
     5.21278474e-04  3.38236314e-05  6.82577083e-04 -2.96383805e-04
     3.56623670e-04 -3.92795133e-04  7.95714950e-05  1.97061570e-04
    -1.19796314e-03 -1.44799444e-04  4.63185599e-04  2.85476766e-04
     1.09720684e-04 -1.57600676e-04 -2.42997645e-04 -6.64877007e-04
     3.96752876e-04 -1.83923534e-04 -4.01236670e-04 -4.99674003e-04
     1.03944956e-04 -3.77221353e-04  2.10910381e-04 -1.20874203e-04]
   [ 1.03439117e-04 -9.64025967e-05  3.01545369e-04  5.09341946e-04
     6.08908536e-04 -7.38968898e-04 -5.30781574e-04 -7.56629568e-04
     5.61623427e-04 -1.18580740e-03 -4.13878704e-04  2.70436838e-04
    -6.00264524e-04  3.27804766e-04 -2.01998767e-03  5.47138916e-04
    -1.96453941e-04  5.11882317e-05 -1.28365506e-03 -4.17649717e-04
    -6.72359456e-05 -1.20308972e-03  8.37326923e-04  2.98207335e-04
    -4.93615771e-05  4.14096372e-04  6.11332362e-05  2.06455908e-04]
   [-1.66178623e-04 -9.29329763e-05  3.30110604e-04  1.00545592e-04
     2.49841396e-04 -8.73089826e-04  2.07182413e-04 -5.59720029e-05
    -5.48821699e-04 -4.62794887e-05 -2.95513775e-04  1.86482037e-03
    -5.73304773e-04  5.21657581e-04 -3.85680236e-04 -2.23893076e-04
     1.72612214e-04 -3.70822556e-04  4.56976180e-04  4.68185826e-05
     6.83707985e-05  1.25120278e-04  3.53606047e-05 -1.75451096e-05
    -5.47818272e-05  5.59999782e-04  2.50445679e-04  8.27203439e-06]
   [ 2.29130412e-04 -1.49778934e-04  6.40376587e-04  2.22349074e-04
    -1.15079645e-04 -1.87304715e-04 -7.15218412e-05  1.37919924e-04
    -3.25938105e-04  1.23861479e-04 -1.01806398e-03 -1.14267714e-04
    -1.30448549e-03  5.92951488e-04 -7.47556624e-04  5.49394579e-04
    -9.16122517e-04 -2.41891597e-04 -1.33822835e-03  7.00880541e-04
    -5.59782435e-04 -3.93632101e-04  1.16369505e-04 -1.16627896e-03
     6.68595545e-04  2.62982998e-04 -2.11949402e-04 -1.02223014e-04]
   [-6.41117231e-06 -2.01363218e-04 -2.31734986e-04 -7.18021241e-04
    -7.36170987e-05 -2.18604691e-04  3.25369969e-04 -4.43615543e-04
     3.98476433e-04 -6.13910786e-04 -2.40074049e-04  2.48061988e-04
    -8.54030310e-04  2.21755751e-03 -9.51157650e-04 -3.94445378e-04
    -1.20035649e-04 -7.80902046e-04 -3.38933809e-04 -5.61669185e-05
    -7.27863342e-04  3.29895083e-05  4.00111516e-04  2.45304604e-04
    -1.79379975e-04 -3.45479784e-04 -1.81516123e-04 -3.31505507e-05]
   [-9.63874481e-05 -1.43232319e-04  1.83704804e-04 -5.22702503e-05
     6.49614434e-04 -2.60503963e-04  4.25226521e-04 -4.84798278e-04
     7.92476203e-05  1.46343373e-04 -3.43135835e-05 -4.62388089e-05
     6.37089077e-04  4.09059488e-04 -1.43357459e-03  4.82912321e-04
     8.43460148e-04  3.67878674e-04 -3.94694420e-04 -1.04203925e-03
    -5.74098784e-04 -1.60832540e-04 -2.56538042e-04 -6.87750231e-04
     1.99260277e-04 -6.55822165e-04  8.95731791e-05  1.44050922e-04]
   [ 1.53294313e-04  2.47880998e-05 -2.00352806e-04  2.89144315e-04
     9.99404510e-05 -4.07050393e-04  4.51051630e-04 -3.00407759e-04
     2.90130818e-04 -4.13102214e-04 -7.24354410e-04  5.12684346e-04
     5.19486202e-04  1.91592437e-04 -9.10758245e-05 -2.27717264e-05
     8.81569460e-04 -4.69638937e-04 -6.22261781e-04  8.09448713e-04
    -2.06542129e-04 -2.58044573e-04  1.86804809e-05 -4.05895495e-04
     8.38734850e-05 -2.46132287e-04 -2.24076459e-04  1.68257058e-04]
   [-2.49838602e-04 -8.34805032e-05  1.93685875e-04  5.03687188e-04
     3.92537768e-04 -3.95171723e-04  3.22798995e-04 -7.85918033e-04
    -3.22398235e-04 -2.92976794e-04  4.67359117e-04 -3.83839244e-04
     8.76326580e-04 -1.15548955e-05 -4.26783576e-04 -1.65972044e-04
    -1.03386832e-04  1.01963838e-03  3.35215067e-04 -8.94161465e-04
     4.00188670e-04 -1.87562022e-04  8.00668611e-04 -1.45490339e-04
     1.30703513e-04  3.65584798e-04 -5.56537780e-05  4.20244623e-06]
   [ 9.06903224e-05  3.58098732e-05 -3.84677318e-04  3.21336614e-04
     2.37637054e-04  1.60223062e-04  4.36759547e-05 -3.76932352e-04
    -6.93288530e-05  1.88427555e-04 -5.41948364e-04 -1.40556600e-04
     1.09289547e-04 -1.10164372e-04  9.16931953e-04  1.23075000e-03
    -2.53484817e-04  7.42083183e-04 -6.72785915e-04 -1.09865912e-03
     1.56147289e-04  5.73113328e-04  6.68591994e-04 -5.74101054e-04
     2.87150149e-04  7.96479508e-05 -9.03767068e-05  2.61092573e-05]
   [-2.31272279e-04 -4.55071131e-05  2.66354109e-05  3.65495187e-04
     2.26756267e-04 -3.03680106e-04  2.54270853e-04  2.68188131e-04
     8.25029638e-05  8.70054530e-04 -2.85768969e-04 -3.76229611e-04
    -3.96743853e-04 -4.14733746e-04 -4.59318362e-05  4.12876747e-04
     2.85325543e-04  2.44815426e-04  2.84301961e-04 -1.04080944e-04
     2.91592005e-04 -3.38027050e-04  2.57011910e-04 -1.40096934e-04
     3.61521408e-04 -2.40796726e-04 -5.33011989e-05  1.13460468e-04]
   [ 1.59059025e-04  1.62813943e-04 -2.95757491e-04  3.65229107e-06
    -1.18428230e-04 -2.89851276e-04  4.84255783e-04  6.02969203e-06
    -5.84253467e-05  2.79138534e-04 -2.32069578e-04 -4.21055418e-04
    -2.54948449e-04  7.78340560e-04 -7.93280022e-04  3.99041659e-04
    -3.10569631e-05  2.99539621e-04 -1.74755376e-04  3.59156955e-04
     2.79617198e-05 -2.53171078e-04 -2.52581754e-04  2.20966234e-04
    -1.50277974e-05  1.31013867e-05  9.95992959e-05 -3.44962682e-05]
   [-8.26303221e-05 -8.39639961e-06 -6.39519203e-05  2.09942649e-04
    -6.65431580e-05 -4.02162754e-04  4.60526033e-04  3.61678016e-04
     2.62976682e-04  4.06934778e-05 -1.70967280e-04  4.72632179e-04
    -2.31079548e-06  3.13243072e-05 -3.00724205e-04 -4.67716425e-04
    -2.90331402e-04 -1.05899599e-04  6.16317906e-04 -7.32688786e-05
    -1.91570609e-04 -3.42583604e-04 -9.01929088e-05  1.19049560e-04
    -1.40313015e-04 -1.43369878e-04  6.25896209e-05  0.00000000e+00]
   [ 9.51222755e-05  6.60435835e-05 -1.78507646e-04  8.70060685e-05
    -7.55570290e-05 -6.83083781e-05  2.17239663e-04  8.25726966e-05
     6.05223613e-05  1.19160984e-04 -1.42049001e-04  2.54578714e-04
     2.01320057e-04 -4.92910855e-04 -8.79504441e-05 -7.85512748e-05
     3.48392932e-04 -1.47995350e-04 -1.23043123e-04  4.05131083e-04
    -6.92715548e-05 -2.32994920e-04  9.58826495e-05 -3.37872552e-05
     5.16492837e-05 -9.37528748e-05  9.85908173e-07  0.00000000e+00]
   [ 0.00000000e+00  0.00000000e+00  1.17870513e-05  4.57631395e-05
    -1.12582065e-05 -2.56005987e-05  8.82323875e-05  6.06844769e-05
    -1.53653800e-05 -4.01054131e-05 -3.99898163e-05 -6.07501024e-05
     6.78232391e-05 -4.62145763e-05  2.12000941e-05 -1.14489121e-05
     1.05366686e-04  2.55924766e-04 -1.05973289e-04 -5.93224977e-05
     8.08304903e-05  4.16028670e-05  2.01963194e-04 -4.94985761e-05
    -6.77381395e-05  6.93545953e-05  0.00000000e+00  0.00000000e+00]]]]
-----
grad 9: min -0.002028348855674267, max 0.0022175575140863657, mean -2.5530156563036144e-05, std 0.00046447868226096034
[[[[-3.98106567e-06  1.42307090e-05  2.48128472e-05 -1.41998011e-04
     1.16619242e-06  7.32414628e-05  2.52085283e-05  1.41570432e-04
    -1.36646573e-04  1.12484558e-04  3.38573700e-05  1.19306009e-04
    -1.73566790e-04  1.45506692e-05 -3.12898228e-05 -7.33264387e-05
     2.11154300e-04  8.08188415e-05 -7.09596789e-05 -1.28302869e-04
    -2.11151801e-05 -1.40158983e-04 -1.77995375e-04  4.44790021e-05
    -3.95064671e-05  3.49458060e-05  5.53697100e-05 -6.62074626e-06]
   [ 1.14382392e-05 -5.58151842e-05  8.94528494e-05 -2.03997188e-05
     3.73738835e-08  1.15115559e-04 -3.42362705e-06 -9.67862979e-06
    -2.95790924e-05  1.59720701e-04 -2.12845916e-04  1.23177422e-04
    -1.76773494e-04 -1.08061009e-04  1.50591688e-06  1.74377899e-04
    -2.97864995e-06 -9.70217661e-05 -3.71067203e-04 -6.28017224e-05
    -1.66391023e-04  1.51072280e-04  2.23195311e-04  6.22627558e-05
    -1.44691840e-05  1.45862956e-04 -1.24285696e-04  1.87237565e-05]
   [-1.40576358e-05 -1.03283055e-05 -8.70620133e-05 -1.54950380e-04
     1.80149160e-04 -2.83641966e-05 -5.95794481e-05  2.84024602e-04
    -4.42727287e-05  3.26868932e-04  1.25632941e-04  4.13035705e-05
    -4.41797252e-04  3.62945750e-04  1.55749411e-04  3.08818417e-05
    -1.60952637e-04 -2.81047833e-05 -4.60686220e-04  3.22423963e-04
    -3.37503938e-04 -1.41965298e-04  2.08190366e-04  1.05252730e-04
    -4.35671449e-04  3.48475041e-05 -1.60715917e-05  1.77531947e-05]
   [ 1.71705540e-06 -2.35051572e-04  1.91338331e-04  2.74218201e-06
     1.61289470e-04  1.85488898e-05 -1.97711444e-04  4.24678205e-04
    -6.59405312e-04 -3.69347072e-05 -1.45018901e-04 -4.16254363e-04
     6.07020484e-05  1.90788312e-04 -6.42888263e-05  4.66786005e-05
     3.16151069e-04  2.35504544e-04 -5.45163988e-04 -1.56199894e-04
     3.34173965e-04 -2.16812070e-04 -8.84350884e-05  4.77877096e-04
     2.34215258e-05 -3.74796582e-05  3.06527130e-04 -7.65019140e-05]
   [ 5.61215711e-05  1.42442659e-04 -1.82304837e-04 -6.40783983e-04
    -1.06437430e-04  2.50873854e-04 -7.78695976e-04 -1.52863722e-04
    -1.55613860e-04  5.69471275e-04 -3.18949111e-04  9.60684905e-04
    -7.93345738e-04  1.62164652e-04 -1.15853921e-03  1.06386047e-04
    -8.33838058e-05  7.41728174e-04  3.40012426e-04  3.22988890e-05
     1.60241022e-03 -3.15221077e-05  3.38065845e-04  7.09337692e-05
    -2.81996938e-04 -1.51220476e-04 -6.52148674e-06  9.36081269e-05]
   [ 7.49479368e-05 -2.25297830e-04 -1.47198647e-04 -1.92269305e-04
    -4.23814345e-04  3.96924239e-04 -5.22396236e-04  5.19509369e-04
     4.15323157e-04  6.61560698e-05  1.03835388e-04  5.43021946e-04
     3.22296604e-04  1.27764128e-04 -4.46745835e-04  1.83880446e-04
     1.00373836e-04  7.74437445e-04  3.84254701e-04  8.10723926e-04
    -1.21478033e-05 -8.90164694e-04 -4.77337715e-04 -1.71409396e-04
     3.66515014e-04  3.13617435e-04 -3.72250041e-04  2.27520413e-05]
   [-1.39959811e-04 -4.54016918e-05 -3.13141965e-04  4.07077605e-04
    -9.00299870e-04  2.97373830e-04 -9.30235256e-04 -1.97860936e-04
     1.13605533e-03 -2.50870246e-04  1.01886690e-03  1.14215130e-04
    -1.40926254e-03 -5.96072292e-04 -1.08806905e-03 -5.27294877e-04
     6.05770074e-05 -4.29116044e-04 -2.24871212e-04  5.11038292e-04
     1.03574083e-03 -1.01801730e-03  8.21859227e-04 -5.20772628e-05
    -5.56327461e-04  1.25959705e-04  5.30079815e-05 -5.10123718e-05]
   [-1.65113684e-04  1.64662270e-04 -1.60013442e-04  5.90883137e-04
     1.70913961e-04  4.98266163e-05  7.11589470e-04  8.62054294e-04
     7.20428070e-04  3.88998189e-04 -3.12501681e-04 -2.24504358e-04
     1.02849735e-04  3.10794450e-04 -1.77973023e-04 -1.81922561e-03
    -9.24619671e-04 -6.65921034e-05  7.61391013e-04 -2.12038271e-04
     3.76882148e-04 -1.00928021e-03  9.25338943e-04  4.54751571e-04
    -3.37991049e-04  6.82639002e-05  6.37510384e-05 -7.42424672e-05]
   [-2.10348098e-05 -2.22842224e-04 -4.56264970e-04  2.65317558e-05
    -1.61748903e-04  3.06376314e-04 -3.18961887e-04 -4.47023456e-04
    -9.68751192e-05 -1.34858803e-03  8.17927648e-04  5.69298049e-04
    -6.89859269e-04 -7.17573042e-04 -7.68713886e-04  1.71207648e-04
    -4.55970876e-04  8.61469365e-04 -1.56903043e-04 -7.08528678e-04
     6.29447110e-04  7.22358600e-05 -3.33740812e-04 -3.77645134e-04
     4.30016335e-05  1.32472676e-04  1.35680355e-04  9.95930895e-05]
   [-8.28809862e-05  5.70775701e-05 -7.83352789e-06  6.98928081e-04
    -6.47063061e-05  7.69675709e-04  4.72856482e-04 -7.84644333e-04
     3.03458510e-04  3.47089925e-04  9.90996137e-04  7.16846960e-04
    -1.67358154e-03 -3.53068637e-04 -2.54190876e-04  2.13258958e-04
     4.49872052e-04  6.93569134e-04  4.92503808e-04 -1.28745945e-04
     9.92212095e-04 -1.23371149e-03  5.60822773e-05 -5.61403984e-04
    -4.27966530e-04  1.55728878e-04 -1.36106071e-04 -1.39230571e-04]
   [ 1.32557441e-04 -6.80698577e-05  9.90645844e-04  5.06733777e-04
    -6.69628324e-04 -5.67184121e-04 -3.72549286e-04  3.60993989e-04
     5.96421654e-04  1.75461770e-04 -7.85175071e-04 -1.28506776e-03
    -8.92517914e-04  6.87187479e-04 -1.22583564e-03 -1.60988682e-04
    -2.02834886e-03  3.96520045e-04 -6.95200753e-04 -8.45973918e-05
     5.58311178e-04 -8.40933179e-04 -3.24027729e-04 -5.38454507e-04
     2.62853369e-04 -9.13901295e-06 -3.79708101e-04  1.23121412e-04]
   [ 4.36787968e-06  6.31637158e-05  1.40179778e-04  8.26153846e-05
    -4.60053270e-05 -2.06766359e-04  4.48033825e-04  5.02964191e-04
    -4.27224295e-04 -3.28198279e-04 -1.39227141e-05 -2.31597543e-04
    -7.33131252e-04  2.77827028e-04 -6.79397781e-04 -1.26869243e-04
    -6.78315351e-04  5.52113808e-04 -4.95551831e-05  1.38656260e-03
     1.68802275e-03 -4.64290388e-05  5.94415178e-04 -3.10631061e-04
    -2.93751829e-04 -1.19675475e-04  4.41758966e-05 -1.23512273e-05]
   [-3.73558905e-05  1.64569385e-04  5.73087833e-04 -1.48690495e-04
     1.71491425e-04 -3.19719140e-04  1.24965585e-03 -8.31624784e-04
     2.84055513e-05 -2.09874939e-04  1.48041421e-04  1.11314803e-04
    -6.38389902e-04  6.24459819e-04  7.14590497e-05  6.16115040e-06
    -6.74762239e-04  3.79977399e-04 -1.83047261e-04  5.91997668e-05
     1.16730691e-03 -8.47208779e-04  3.14078265e-04  1.20607110e-05
    -8.49668111e-04  1.87849422e-04  1.31304216e-04  9.48066918e-06]
   [ 1.25152888e-04 -4.64584309e-06 -3.01659693e-05  5.07078257e-05
    -1.40996359e-04 -2.74306105e-04  4.01691970e-04  1.77273061e-04
    -8.83717148e-04  2.50731682e-04  3.85776977e-04  8.22690083e-04
    -5.13247389e-04  3.06431873e-04 -8.33010767e-04 -2.21081733e-04
    -3.15427431e-04 -9.53129376e-04 -5.61289780e-04 -1.15320913e-03
     5.65856999e-06 -2.57296546e-04 -4.19012416e-04 -3.18659411e-04
    -9.62901977e-05  7.14316207e-04 -1.39003649e-04 -3.87197033e-05]
   [ 1.00089579e-04  4.70204614e-05 -1.25944571e-04 -3.72498253e-05
     5.21278474e-04  3.38236314e-05  6.82577083e-04 -2.96383805e-04
     3.56623670e-04 -3.92795133e-04  7.95714950e-05  1.97061570e-04
    -1.19796314e-03 -1.44799444e-04  4.63185599e-04  2.85476766e-04
     1.09720684e-04 -1.57600676e-04 -2.42997645e-04 -6.64877007e-04
     3.96752876e-04 -1.83923534e-04 -4.01236670e-04 -4.99674003e-04
     1.03944956e-04 -3.77221353e-04  2.10910381e-04 -1.20874203e-04]
   [ 1.03439117e-04 -9.64025967e-05  3.01545369e-04  5.09341946e-04
     6.08908536e-04 -7.38968898e-04 -5.30781574e-04 -7.56629568e-04
     5.61623427e-04 -1.18580740e-03 -4.13878704e-04  2.70436838e-04
    -6.00264524e-04  3.27804766e-04 -2.01998767e-03  5.47138916e-04
    -1.96453941e-04  5.11882317e-05 -1.28365506e-03 -4.17649717e-04
    -6.72359456e-05 -1.20308972e-03  8.37326923e-04  2.98207335e-04
    -4.93615771e-05  4.14096372e-04  6.11332362e-05  2.06455908e-04]
   [-1.66178623e-04 -9.29329763e-05  3.30110604e-04  1.00545592e-04
     2.49841396e-04 -8.73089826e-04  2.07182413e-04 -5.59720029e-05
    -5.48821699e-04 -4.62794887e-05 -2.95513775e-04  1.86482037e-03
    -5.73304773e-04  5.21657581e-04 -3.85680236e-04 -2.23893076e-04
     1.72612214e-04 -3.70822556e-04  4.56976180e-04  4.68185826e-05
     6.83707985e-05  1.25120278e-04  3.53606047e-05 -1.75451096e-05
    -5.47818272e-05  5.59999782e-04  2.50445679e-04  8.27203439e-06]
   [ 2.29130412e-04 -1.49778934e-04  6.40376587e-04  2.22349074e-04
    -1.15079645e-04 -1.87304715e-04 -7.15218412e-05  1.37919924e-04
    -3.25938105e-04  1.23861479e-04 -1.01806398e-03 -1.14267714e-04
    -1.30448549e-03  5.92951488e-04 -7.47556624e-04  5.49394579e-04
    -9.16122517e-04 -2.41891597e-04 -1.33822835e-03  7.00880541e-04
    -5.59782435e-04 -3.93632101e-04  1.16369505e-04 -1.16627896e-03
     6.68595545e-04  2.62982998e-04 -2.11949402e-04 -1.02223014e-04]
   [-6.41117231e-06 -2.01363218e-04 -2.31734986e-04 -7.18021241e-04
    -7.36170987e-05 -2.18604691e-04  3.25369969e-04 -4.43615543e-04
     3.98476433e-04 -6.13910786e-04 -2.40074049e-04  2.48061988e-04
    -8.54030310e-04  2.21755751e-03 -9.51157650e-04 -3.94445378e-04
    -1.20035649e-04 -7.80902046e-04 -3.38933809e-04 -5.61669185e-05
    -7.27863342e-04  3.29895083e-05  4.00111516e-04  2.45304604e-04
    -1.79379975e-04 -3.45479784e-04 -1.81516123e-04 -3.31505507e-05]
   [-9.63874481e-05 -1.43232319e-04  1.83704804e-04 -5.22702503e-05
     6.49614434e-04 -2.60503963e-04  4.25226521e-04 -4.84798278e-04
     7.92476203e-05  1.46343373e-04 -3.43135835e-05 -4.62388089e-05
     6.37089077e-04  4.09059488e-04 -1.43357459e-03  4.82912321e-04
     8.43460148e-04  3.67878674e-04 -3.94694420e-04 -1.04203925e-03
    -5.74098784e-04 -1.60832540e-04 -2.56538042e-04 -6.87750231e-04
     1.99260277e-04 -6.55822165e-04  8.95731791e-05  1.44050922e-04]
   [ 1.53294313e-04  2.47880998e-05 -2.00352806e-04  2.89144315e-04
     9.99404510e-05 -4.07050393e-04  4.51051630e-04 -3.00407759e-04
     2.90130818e-04 -4.13102214e-04 -7.24354410e-04  5.12684346e-04
     5.19486202e-04  1.91592437e-04 -9.10758245e-05 -2.27717264e-05
     8.81569460e-04 -4.69638937e-04 -6.22261781e-04  8.09448713e-04
    -2.06542129e-04 -2.58044573e-04  1.86804809e-05 -4.05895495e-04
     8.38734850e-05 -2.46132287e-04 -2.24076459e-04  1.68257058e-04]
   [-2.49838602e-04 -8.34805032e-05  1.93685875e-04  5.03687188e-04
     3.92537768e-04 -3.95171723e-04  3.22798995e-04 -7.85918033e-04
    -3.22398235e-04 -2.92976794e-04  4.67359117e-04 -3.83839244e-04
     8.76326580e-04 -1.15548955e-05 -4.26783576e-04 -1.65972044e-04
    -1.03386832e-04  1.01963838e-03  3.35215067e-04 -8.94161465e-04
     4.00188670e-04 -1.87562022e-04  8.00668611e-04 -1.45490339e-04
     1.30703513e-04  3.65584798e-04 -5.56537780e-05  4.20244623e-06]
   [ 9.06903224e-05  3.58098732e-05 -3.84677318e-04  3.21336614e-04
     2.37637054e-04  1.60223062e-04  4.36759547e-05 -3.76932352e-04
    -6.93288530e-05  1.88427555e-04 -5.41948364e-04 -1.40556600e-04
     1.09289547e-04 -1.10164372e-04  9.16931953e-04  1.23075000e-03
    -2.53484817e-04  7.42083183e-04 -6.72785915e-04 -1.09865912e-03
     1.56147289e-04  5.73113328e-04  6.68591994e-04 -5.74101054e-04
     2.87150149e-04  7.96479508e-05 -9.03767068e-05  2.61092573e-05]
   [-2.31272279e-04 -4.55071131e-05  2.66354109e-05  3.65495187e-04
     2.26756267e-04 -3.03680106e-04  2.54270853e-04  2.68188131e-04
     8.25029638e-05  8.70054530e-04 -2.85768969e-04 -3.76229611e-04
    -3.96743853e-04 -4.14733746e-04 -4.59318362e-05  4.12876747e-04
     2.85325543e-04  2.44815426e-04  2.84301961e-04 -1.04080944e-04
     2.91592005e-04 -3.38027050e-04  2.57011910e-04 -1.40096934e-04
     3.61521408e-04 -2.40796726e-04 -5.33011989e-05  1.13460468e-04]
   [ 1.59059025e-04  1.62813943e-04 -2.95757491e-04  3.65229107e-06
    -1.18428230e-04 -2.89851276e-04  4.84255783e-04  6.02969203e-06
    -5.84253467e-05  2.79138534e-04 -2.32069578e-04 -4.21055418e-04
    -2.54948449e-04  7.78340560e-04 -7.93280022e-04  3.99041659e-04
    -3.10569631e-05  2.99539621e-04 -1.74755376e-04  3.59156955e-04
     2.79617198e-05 -2.53171078e-04 -2.52581754e-04  2.20966234e-04
    -1.50277974e-05  1.31013867e-05  9.95992959e-05 -3.44962682e-05]
   [-8.26303221e-05 -8.39639961e-06 -6.39519203e-05  2.09942649e-04
    -6.65431580e-05 -4.02162754e-04  4.60526033e-04  3.61678016e-04
     2.62976682e-04  4.06934778e-05 -1.70967280e-04  4.72632179e-04
    -2.31079548e-06  3.13243072e-05 -3.00724205e-04 -4.67716425e-04
    -2.90331402e-04 -1.05899599e-04  6.16317906e-04 -7.32688786e-05
    -1.91570609e-04 -3.42583604e-04 -9.01929088e-05  1.19049560e-04
    -1.40313015e-04 -1.43369878e-04  6.25896209e-05  0.00000000e+00]
   [ 9.51222755e-05  6.60435835e-05 -1.78507646e-04  8.70060685e-05
    -7.55570290e-05 -6.83083781e-05  2.17239663e-04  8.25726966e-05
     6.05223613e-05  1.19160984e-04 -1.42049001e-04  2.54578714e-04
     2.01320057e-04 -4.92910855e-04 -8.79504441e-05 -7.85512748e-05
     3.48392932e-04 -1.47995350e-04 -1.23043123e-04  4.05131083e-04
    -6.92715548e-05 -2.32994920e-04  9.58826495e-05 -3.37872552e-05
     5.16492837e-05 -9.37528748e-05  9.85908173e-07  0.00000000e+00]
   [ 0.00000000e+00  0.00000000e+00  1.17870513e-05  4.57631395e-05
    -1.12582065e-05 -2.56005987e-05  8.82323875e-05  6.06844769e-05
    -1.53653800e-05 -4.01054131e-05 -3.99898163e-05 -6.07501024e-05
     6.78232391e-05 -4.62145763e-05  2.12000941e-05 -1.14489121e-05
     1.05366686e-04  2.55924766e-04 -1.05973289e-04 -5.93224977e-05
     8.08304903e-05  4.16028670e-05  2.01963194e-04 -4.94985761e-05
    -6.77381395e-05  6.93545953e-05  0.00000000e+00  0.00000000e+00]]]]
-----
END
